"text-lg","w-full href","max-w-[100%] src","max-w-full src","text-sm","w-full href 2","max-w-[100%] src 2","max-w-full src 2","text-sm 2","w-full href 3","max-w-[100%] src 3","max-w-full src 3","text-sm 3","w-full href 4","max-w-[100%] src 4","max-w-full src 4","text-sm 4","w-full href 5","max-w-[100%] src 5","max-w-full src 5","text-sm 5","w-full href 6","max-w-[100%] src 6","max-w-full src 6","text-sm 6","w-full href 7","max-w-[100%] src 7","max-w-full src 7","text-sm 7","w-full href 8","max-w-[100%] src 8","max-w-full src 8","text-sm 8","w-full href 9","max-w-[100%] src 9","max-w-full src 9","text-sm 9","w-full href 10","max-w-[100%] src 10","max-w-full src 10","text-sm 10","w-full href 11","max-w-[100%] src 11","max-w-full src 11","text-sm 11","w-full href 12","max-w-[100%] src 12","max-w-full src 12","text-sm 12","w-full href 13","max-w-[100%] src 13","max-w-full src 13","text-sm 13","w-full href 14","max-w-[100%] src 14","max-w-full src 14","text-sm 14","w-full href 15","max-w-[100%] src 15","max-w-full src 15","text-sm 15","w-full href 16","max-w-[100%] src 16","max-w-full src 16","text-sm 16","w-full href 17","max-w-[100%] src 17","max-w-full src 17","text-sm 17","w-full href 18","max-w-[100%] src 18","max-w-full src 18","text-sm 18","w-full href 19","max-w-[100%] src 19","max-w-full src 19","text-sm 19"
"0-9","","","","","","","","","","","","","","","","","","","","","","","","","","","","","","","","","","","","","","","","","","","","","","","","","","","","","","","","","","","","","","","","","","","","","","","","","","","",""
"","https://hasaki.vn/thuong-hieu/16plain.html","https://media.hcdn.vn//hsk/brand16plain-cover1680495200_img_220x220_0dff4c_fit_center.jpg","https://media.hcdn.vn//hsk/brand16plain1678875836_img_140x70_45e3de_fit_center.jpg","16plain","https://hasaki.vn/thuong-hieu/3ce.html","https://media.hcdn.vn//hsk/brand3CE-image-cover-brand-500-x-5001720174519_img_220x220_0dff4c_fit_center.jpg","https://media.hcdn.vn//hsk/brandbrand3CE-logo1737530622_img_140x70_45e3de_fit_center.jpg","3CE","https://hasaki.vn/thuong-hieu/50-megumi.html","https://media.hcdn.vn//hsk/brand50-Megumi--cover-brand-500x500---110620251749617266_img_220x220_0dff4c_fit_center.jpg","https://media.hcdn.vn/brand/161119659350-Megumi_img_140x70_45e3de_fit_center.jpg","50 Megumi","https://hasaki.vn/thuong-hieu/82x.html","https://media.hcdn.vn//hsk/brand11697602638_img_220x220_0dff4c_fit_center.jpg","https://media.hcdn.vn//hsk/brand82x-logo1736485195_img_140x70_45e3de_fit_center.jpg","82X","https://hasaki.vn/thuong-hieu/9wishes.html","https://media.hcdn.vn//hsk/brand9Wishes-cover-brand-500x5001766468842_img_220x220_0dff4c_fit_center.jpg","https://media.hcdn.vn/brand/15946128059Wishes_img_140x70_45e3de_fit_center.jpg","9Wishes","","","","","","","","","","","","","","","","","","","","","","","","","","","","","","","","","","","","","","","","","","","","","","","","","","","","","","","",""
"A","","","","","","","","","","","","","","","","","","","","","","","","","","","","","","","","","","","","","","","","","","","","","","","","","","","","","","","","","","","","","","","","","","","","","","","","","","","",""
"","https://hasaki.vn/thuong-hieu/a-bonne.html","https://media.hcdn.vn//hsk/brandabonne-image-cover500x5001718001280_img_220x220_0dff4c_fit_center.jpg","https://media.hcdn.vn//hsk/branda-bonne1677577061_img_140x70_45e3de_fit_center.jpg","A Bonne","https://hasaki.vn/thuong-hieu/a-derma.html","https://media.hcdn.vn//hsk/branda-derma-cover-brand-500x5001766643933_img_220x220_0dff4c_fit_center.png","https://media.hcdn.vn//hsk/brandaderma-logo-400x2001736820246_img_140x70_45e3de_fit_center.jpg","A-Derma","https://hasaki.vn/thuong-hieu/age-20-s.html","https://media.hcdn.vn//hsk/brandage20s-image-cover500x5001718002230_img_220x220_0dff4c_fit_center.jpg","https://media.hcdn.vn/brand/1553739896age20_img_140x70_45e3de_fit_center.jpg","AGE 20's","https://hasaki.vn/thuong-hieu/ah-perfumes.html","https://media.hcdn.vn//hsk/brand1-AH-perfumes1695032091_img_220x220_0dff4c_fit_center.jpg","https://media.hcdn.vn//hsk/brandAH-Perfumes-logo1693304216_img_140x70_45e3de_fit_center.jpg","AH Perfumes","https://hasaki.vn/thuong-hieu/axe.html","https://media.hcdn.vn/brand/1602730430axebg_img_220x220_0dff4c_fit_center.jpg","https://media.hcdn.vn/brand/1602730430axe_img_140x70_45e3de_fit_center.jpg","AXE","https://hasaki.vn/thuong-hieu/abib.html","https://media.hcdn.vn//hsk/brandAbib-cover-brand-500x500---100420251744292822_img_220x220_0dff4c_fit_center.jpg","https://media.hcdn.vn//hsk/brandabib-logo1744255498_img_140x70_45e3de_fit_center.jpg","Abib","https://hasaki.vn/thuong-hieu/acnes.html","https://media.hcdn.vn//hsk/brandacnesimage-cover500-x-5001715962701_img_220x220_0dff4c_fit_center.jpg","https://media.hcdn.vn/brand/1538641088acnes_img_140x70_45e3de_fit_center.jpg","Acnes","https://hasaki.vn/thuong-hieu/adiva.html","https://media.hcdn.vn/brand/1502158309adiva_cover_img_220x220_0dff4c_fit_center.jpg","https://media.hcdn.vn/brand/1502158309adiva_img_140x70_45e3de_fit_center.jpg","Adiva","https://hasaki.vn/thuong-hieu/alcofree.html","https://media.hcdn.vn/brand/1607678602al_img_220x220_0dff4c_fit_center.jpg","https://media.hcdn.vn/brand/1607678602alco_img_140x70_45e3de_fit_center.jpg","Alcofree","https://hasaki.vn/thuong-hieu/ambi-pur.html","https://hasaki.vn/imgs/product/placeholder.svg","https://media.hcdn.vn//hsk/brandambipur-logo-400x2001769050993_img_140x70_45e3de_fit_center.jpg","Ambi Pur","https://hasaki.vn/thuong-hieu/amore-pacific.html","https://media.hcdn.vn//hsk/brand2-Amore-Pacific1695032126_img_220x220_0dff4c_fit_center.jpg","https://media.hcdn.vn//hsk/brandAmore-Pacific-logo1693384828_img_140x70_45e3de_fit_center.jpg","Amore Pacific","https://hasaki.vn/thuong-hieu/amortals.html","https://media.hcdn.vn//hsk/brandAmortals-cover-brand-500x5001761286696_img_220x220_0dff4c_fit_center.jpg","https://media.hcdn.vn//hsk/brandbrandamortals-logo1759135886_img_140x70_45e3de_fit_center.jpg","Amortals","https://hasaki.vn/thuong-hieu/anessa.html","https://media.hcdn.vn//hsk/brandanessa-image-cover500x5001773109949_img_220x220_0dff4c_fit_center.jpg","https://media.hcdn.vn/brand/1585135003kaia_img_140x70_45e3de_fit_center.jpg","Anessa","https://hasaki.vn/thuong-hieu/angel-s-liquid.html","https://media.hcdn.vn//hsk/brandAngel-s-liquid-cover-brand-500x500---130520251747118624_img_220x220_0dff4c_fit_center.jpg","https://media.hcdn.vn/hsk/brand/angelavatar1621851185_img_140x70_45e3de_fit_center.jpg","Angel's Liquid","https://hasaki.vn/thuong-hieu/anua.html","https://hasaki.vn/imgs/product/placeholder.svg","https://media.hcdn.vn//hsk/brandanua-logo1770100110_img_140x70_45e3de_fit_center.jpg","Anua","https://hasaki.vn/thuong-hieu/aperire.html","https://media.hcdn.vn//hsk/brandAperire-cover-brand-500x5001726122291_img_220x220_0dff4c_fit_center.jpg","https://media.hcdn.vn//hsk/brandaperire-logo-400x2001724829715_img_140x70_45e3de_fit_center.jpg","Aperire","https://hasaki.vn/thuong-hieu/aprilskin.html","https://media.hcdn.vn//hsk/brandaprilskin-image-cover-500x5001728893690_img_220x220_0dff4c_fit_center.jpg","https://media.hcdn.vn//hsk/brandaprilskin-logo1736485333_img_140x70_45e3de_fit_center.jpg","Aprilskin","https://hasaki.vn/thuong-hieu/aquafresh.html","https://media.hcdn.vn//hsk/brandaquafresh-image-cover-500x5001718002523_img_220x220_0dff4c_fit_center.jpg","https://media.hcdn.vn/brand/1625108550aquafresh_img_140x70_45e3de_fit_center.jpg","Aquafresh","https://hasaki.vn/thuong-hieu/ariel.html","https://hasaki.vn/imgs/product/placeholder.svg","https://media.hcdn.vn//hsk/brandariel-logo-400x2001773196469_img_140x70_45e3de_fit_center.jpg","Ariel"
"B","","","","","","","","","","","","","","","","","","","","","","","","","","","","","","","","","","","","","","","","","","","","","","","","","","","","","","","","","","","","","","","","","","","","","","","","","","","",""
"","https://hasaki.vn/thuong-hieu/b-o-m.html","https://media.hcdn.vn//hsk/brandBOM-cover-brand-500x500---140520251747218359_img_220x220_0dff4c_fit_center.jpg","https://media.hcdn.vn/brand/1541488945bom_img_140x70_45e3de_fit_center.jpg","B.O.M","https://hasaki.vn/thuong-hieu/bnbg.html","https://media.hcdn.vn//hsk/brand11703739201_img_220x220_0dff4c_fit_center.jpg","https://media.hcdn.vn//hsk/brandbrandbnbg-logo1729825475_img_140x70_45e3de_fit_center.jpg","BNBG","https://hasaki.vn/thuong-hieu/bys.html","https://media.hcdn.vn//hsk/brandbys-image-cover-500-x-500---2841736492584_img_220x220_0dff4c_fit_center.jpg","https://media.hcdn.vn//hsk/brandbrandbys-logo1736476873_img_140x70_45e3de_fit_center.jpg","BYS","https://hasaki.vn/thuong-hieu/baby-bright.html","https://media.hcdn.vn//hsk/brand11703738023_img_220x220_0dff4c_fit_center.jpg","https://media.hcdn.vn/brand/1524218226baby-bright-cover_img_140x70_45e3de_fit_center.jpg","Baby Bright","https://hasaki.vn/thuong-hieu/balance-active-formula.html","https://media.hcdn.vn//hsk/brandbalance-active-formula-cover-brand-500x5001759135778_img_220x220_0dff4c_fit_center.jpg","https://media.hcdn.vn/brand/1566369618BALANCE_img_140x70_45e3de_fit_center.jpg","Balance Active Formula","https://hasaki.vn/thuong-hieu/bamboo-salt.html","https://media.hcdn.vn//hsk/brandbamboo-salt-image-cover-500-x-500---2051729832290_img_220x220_0dff4c_fit_center.jpg","https://media.hcdn.vn/brand/1491302855Bamboo-Salt--logo_img_140x70_45e3de_fit_center.jpg","Bamboo Salt","https://hasaki.vn/thuong-hieu/banana-boat.html","https://media.hcdn.vn//hsk/brandbanana-boat-image-cover-500-x-500---2681736437706_img_220x220_0dff4c_fit_center.jpg","https://media.hcdn.vn//hsk/brandbananaboat-logo1736499708_img_140x70_45e3de_fit_center.jpg","Banana Boat","https://hasaki.vn/thuong-hieu/banila-co.html","https://media.hcdn.vn//hsk/brandBanila-Co-image-cover-500-x-500---2531735877882_img_220x220_0dff4c_fit_center.jpg","https://media.hcdn.vn//hsk/brandBanila-Co-Logo1677652792_img_140x70_45e3de_fit_center.jpg","Banila Co","https://hasaki.vn/thuong-hieu/banobagi.html","https://media.hcdn.vn//hsk/brandbanobagi-image-cover-500-x-500---2061731399261_img_220x220_0dff4c_fit_center.jpg","https://media.hcdn.vn//hsk/brandbrandbanobagi-logo1761291191_img_140x70_45e3de_fit_center.jpg","Banobagi","https://hasaki.vn/thuong-hieu/baresoul.html","https://media.hcdn.vn/brand/1577938303baresoul2_img_220x220_0dff4c_fit_center.jpg","https://media.hcdn.vn//hsk/brandBareSoul-logo1717064715_img_140x70_45e3de_fit_center.jpg","BareSoul","https://hasaki.vn/thuong-hieu/baseus.html","https://hasaki.vn/imgs/product/placeholder.svg","https://media.hcdn.vn//hsk/brandbaseus-logo1772089911_img_140x70_45e3de_fit_center.jpg","Baseus","https://hasaki.vn/thuong-hieu/beauty-biotech.html","https://media.hcdn.vn//hsk/brandbeauty-biotech-image-cover500x5001761803536_img_220x220_0dff4c_fit_center.jpg","https://media.hcdn.vn//hsk/brandBeauty-Biotech-logo1753079598_img_140x70_45e3de_fit_center.jpg","Beauty Biotech","https://hasaki.vn/thuong-hieu/beplain.html","https://media.hcdn.vn//hsk/brandBeplain-image-cover-brand-500-x-5001720174709_img_220x220_0dff4c_fit_center.jpg","https://media.hcdn.vn//hsk/brandbeplain-logo-400x2001720076748_img_140x70_45e3de_fit_center.jpg","Beplain","https://hasaki.vn/thuong-hieu/besilki.html","https://media.hcdn.vn//hsk/brandbesilki-image-cover-brand-500-x-500---17921732529447_img_220x220_0dff4c_fit_center.jpg","https://media.hcdn.vn//hsk/brandbesilki-logo-400x2001726652399_img_140x70_45e3de_fit_center.jpg","Besilki","https://hasaki.vn/thuong-hieu/bielenda.html","https://media.hcdn.vn//hsk/brandBielenda-image-cover-500x5001735534512_img_220x220_0dff4c_fit_center.png","https://media.hcdn.vn//hsk/brandbielenda-logo-400x2001735178288_img_140x70_45e3de_fit_center.jpg","Bielenda","https://hasaki.vn/thuong-hieu/bio-oil.html","https://media.hcdn.vn/brand/1557816003bii_img_220x220_0dff4c_fit_center.jpg","https://media.hcdn.vn/brand/1557816003bi_img_140x70_45e3de_fit_center.jpg","Bio-Oil","https://hasaki.vn/thuong-hieu/bio-essence.html","https://media.hcdn.vn//hsk/brandBio-essence-image-cover-500x5001712558255_img_220x220_0dff4c_fit_center.jpg","https://media.hcdn.vn/brand/1615522660bio_img_140x70_45e3de_fit_center.jpg","Bio-essence","https://hasaki.vn/thuong-hieu/biochem.html","https://media.hcdn.vn//hsk/brandBiochem-image-cover-500-x-500---2071731399347_img_220x220_0dff4c_fit_center.jpg","https://media.hcdn.vn//hsk/brandbiochem-logo1736499880_img_140x70_45e3de_fit_center.jpg","Biochem","https://hasaki.vn/thuong-hieu/bioderma.html","https://media.hcdn.vn//hsk/brandbioderma-image-cover500x5001773109991_img_220x220_0dff4c_fit_center.jpg","https://media.hcdn.vn//hsk/brandbiodermai-logo-400x2001745296534_img_140x70_45e3de_fit_center.jpg","Bioderma"
"C","","","","","","","","","","","","","","","","","","","","","","","","","","","","","","","","","","","","","","","","","","","","","","","","","","","","","","","","","","","","","","","","","","","","","","","","","","","",""
"","https://hasaki.vn/thuong-hieu/c-store.html","https://media.hcdn.vn//hsk/brand4-C-Store1695032227_img_220x220_0dff4c_fit_center.jpg","https://media.hcdn.vn//hsk/brandC-Store-logo1695874850_img_140x70_45e3de_fit_center.jpg","C-Store","https://hasaki.vn/thuong-hieu/calvin-klein.html","https://media.hcdn.vn/brand/1472535893Calvin-Klein-cover_img_220x220_0dff4c_fit_center.jpg","https://media.hcdn.vn//hsk/brandcalvinklein-logo1736500127_img_140x70_45e3de_fit_center.jpg","Calvin Klein","https://hasaki.vn/thuong-hieu/care-nel.html","https://media.hcdn.vn//hsk/brandcare-nel-image-cover-brand-500-x-500---2101732593652_img_220x220_0dff4c_fit_center.jpg","https://media.hcdn.vn//hsk/brandcarenel-logo1736500177_img_140x70_45e3de_fit_center.jpg","Care:Nel","https://hasaki.vn/thuong-hieu/carolina-herrera.html","https://media.hcdn.vn//hsk/brandcaro11685678075_img_220x220_0dff4c_fit_center.jpg","https://media.hcdn.vn//hsk/brandcarolinaherrera-logo1736500217_img_140x70_45e3de_fit_center.jpg","Carolina Herrera","https://hasaki.vn/thuong-hieu/carslan.html","https://media.hcdn.vn//hsk/brandcarslan-image-cover-500x5001721187055_img_220x220_0dff4c_fit_center.jpg","https://media.hcdn.vn//hsk/brandcarslan-logo-400x2001718267594_img_140x70_45e3de_fit_center.jpg","Carslan","https://hasaki.vn/thuong-hieu/caryophy.html","https://media.hcdn.vn//hsk/brandcaryophy-image-cover-brand-500-x-500---2111732593685_img_220x220_0dff4c_fit_center.jpg","https://media.hcdn.vn//hsk/brandCaryophy-logo-brand1722250967_img_140x70_45e3de_fit_center.jpg","Caryophy","https://hasaki.vn/thuong-hieu/roge-cavailles.html","https://media.hcdn.vn//hsk/brandcavailles-image-cover500x5001761803594_img_220x220_0dff4c_fit_center.jpg","https://media.hcdn.vn//hsk/brandcavailles-logo-400x2001754709750_img_140x70_45e3de_fit_center.jpg","Cavailles","https://hasaki.vn/thuong-hieu/ceiba.html","https://media.hcdn.vn/brand/1602730464ceibabg_img_220x220_0dff4c_fit_center.jpg","https://media.hcdn.vn/brand/1602730464ceiba_img_140x70_45e3de_fit_center.jpg","Ceiba","https://hasaki.vn/thuong-hieu/celefit.html","https://media.hcdn.vn//hsk/brandcelefit-image-cover-500-x-5001721386967_img_220x220_0dff4c_fit_center.jpg","https://media.hcdn.vn//hsk/brandcelefit-logo-400x2001719204105_img_140x70_45e3de_fit_center.jpg","Celefit","https://hasaki.vn/thuong-hieu/celimax.html","https://media.hcdn.vn//hsk/brandcelimax-image-cover500x5001763368502_img_220x220_0dff4c_fit_center.jpg","https://media.hcdn.vn//hsk/brandbrandcelimax-logo1761272503_img_140x70_45e3de_fit_center.jpg","Celimax","https://hasaki.vn/thuong-hieu/celio.html","https://media.hcdn.vn//hsk/brandCelio-image-cover-500-x-500---2991740037109_img_220x220_0dff4c_fit_center.jpg","https://media.hcdn.vn//hsk/brandcelio-logo1739869703_img_140x70_45e3de_fit_center.jpg","Celio","https://hasaki.vn/thuong-hieu/cell-fusion-c.html","https://media.hcdn.vn//hsk/brandCell-Fusion-C-image-cover-500x5001717476203_img_220x220_0dff4c_fit_center.jpg","https://media.hcdn.vn//hsk/brandcellfusionc-logo1772693980_img_140x70_45e3de_fit_center.jpg","Cell Fusion C","https://hasaki.vn/thuong-hieu/cerave.html","https://media.hcdn.vn//hsk/brandcerave-image-cover500x5001773110018_img_220x220_0dff4c_fit_center.jpg","https://media.hcdn.vn/brand/1661313898ce_img_140x70_45e3de_fit_center.jpg","CeraVe","https://hasaki.vn/thuong-hieu/cetaphil.html","https://media.hcdn.vn//hsk/brandbrandCetaphil-cover-brand-500x500---1102202517392622171744873559_img_220x220_0dff4c_fit_center.png","https://media.hcdn.vn/brand/1661766124cetaphil_img_140x70_45e3de_fit_center.jpg","Cetaphil","https://hasaki.vn/thuong-hieu/chacott.html","https://media.hcdn.vn//hsk/brandchacott-image-cover-brand-500-x-500---2131732593763_img_220x220_0dff4c_fit_center.jpg","https://media.hcdn.vn/brand/1625538649Chacott_img_140x70_45e3de_fit_center.jpg","Chacott","https://hasaki.vn/thuong-hieu/chando.html","https://media.hcdn.vn//hsk/brandchando-image-cover500x5001763435184_img_220x220_0dff4c_fit_center.jpg","https://media.hcdn.vn//hsk/brandchando-logo-400x2001764053232_img_140x70_45e3de_fit_center.jpg","Chando","https://hasaki.vn/thuong-hieu/chilly.html","https://media.hcdn.vn//hsk/brandchilly-image-cover-500-x-500---1901729832327_img_220x220_0dff4c_fit_center.jpg","https://media.hcdn.vn/brand/1659337022chi2_img_140x70_45e3de_fit_center.jpg","Chilly","https://hasaki.vn/thuong-hieu/chinoshio.html","https://media.hcdn.vn//hsk/brandchinoshio-image-cover-500x5001718002865_img_220x220_0dff4c_fit_center.jpg","https://media.hcdn.vn/hsk/brand/Chinosiologo1627528560_img_140x70_45e3de_fit_center.jpg","Chinoshio","https://hasaki.vn/thuong-hieu/chloe.html","https://media.hcdn.vn//hsk/brandchloe-cover1680082516_img_220x220_0dff4c_fit_center.jpg","https://media.hcdn.vn//hsk/brandchloe-logo1736500253_img_140x70_45e3de_fit_center.jpg","Chloé"
"D","","","","","","","","","","","","","","","","","","","","","","","","","","","","","","","","","","","","","","","","","","","","","","","","","","","","","","","","","","","","","","","","","","","","","","","","","","","",""
"","https://hasaki.vn/thuong-hieu/dhc.html","https://media.hcdn.vn//hsk/brandDHC-image-cover-500x5001716178094_img_220x220_0dff4c_fit_center.jpg","https://media.hcdn.vn//hsk/branddhc-logo1736485129_img_140x70_45e3de_fit_center.jpg","DHC","https://hasaki.vn/thuong-hieu/dnl.html","https://media.hcdn.vn//hsk/brandDNL-image-cover-500-x-500---2551736436147_img_220x220_0dff4c_fit_center.jpg","https://media.hcdn.vn/hsk/brand/DNLlogo1661154055_img_140x70_45e3de_fit_center.jpg","DNL","https://hasaki.vn/thuong-hieu/dailinh-group.html","https://media.hcdn.vn//hsk/brandDaiLinh-Group-cover1695377270_img_220x220_0dff4c_fit_center.jpg","https://media.hcdn.vn//hsk/brandDailinh-group-logo1693296971_img_140x70_45e3de_fit_center.jpg","DaiLinh Group","https://hasaki.vn/thuong-hieu/daiichiseken.html","https://media.hcdn.vn//hsk/brandDaiichi-Sekken-image-cover-500-x-500---2541735877900_img_220x220_0dff4c_fit_center.jpg","https://media.hcdn.vn//hsk/branddaiichiseken-logo1680229564_img_140x70_45e3de_fit_center.jpg","Daiichi Sekken","https://hasaki.vn/thuong-hieu/decumar.html","https://media.hcdn.vn//hsk/brandDecumar-image-cover-500x5001730370889_img_220x220_0dff4c_fit_center.jpg","https://media.hcdn.vn//hsk/branddecumar-logo-400x2001730370889_img_140x70_45e3de_fit_center.jpg","Decumar","https://hasaki.vn/thuong-hieu/dental-clinic-2080.html","https://media.hcdn.vn//hsk/branddental-clinic-2080-image-cover-500-x-500---2741736492268_img_220x220_0dff4c_fit_center.jpg","https://media.hcdn.vn//hsk/branddentalclinic2080-logo1736500711_img_140x70_45e3de_fit_center.jpg","Dental Clinic 2080","https://hasaki.vn/thuong-hieu/deonatulle.html","https://media.hcdn.vn//hsk/brandDeonatulle-Cover-Brand-500x5001725013611_img_220x220_0dff4c_fit_center.jpg","https://media.hcdn.vn//hsk/brandDeonatulle-logo1725013712_img_140x70_45e3de_fit_center.jpg","Deonatulle","https://hasaki.vn/thuong-hieu/derladie.html","https://media.hcdn.vn//hsk/brandDerladie-cover-brand-500x5001726123191_img_220x220_0dff4c_fit_center.jpg","https://media.hcdn.vn/hsk/brand/Derladie2405avatar1621846355_img_140x70_45e3de_fit_center.jpg","Derladie","https://hasaki.vn/thuong-hieu/derma-angel.html","https://media.hcdn.vn//hsk/brandderma-angel-image-cover-500x5001718003391_img_220x220_0dff4c_fit_center.jpg","https://media.hcdn.vn/brand/1522049831demaanger_img_140x70_45e3de_fit_center.jpg","Derma Angel","https://hasaki.vn/thuong-hieu/dermablock.html","https://media.hcdn.vn//hsk/brandDermablock-cover-brand-500x5001744788705_img_220x220_0dff4c_fit_center.jpg","https://media.hcdn.vn//hsk/branddermablock-logo-400x2001743151821_img_140x70_45e3de_fit_center.jpg","Dermablock","https://hasaki.vn/thuong-hieu/dermatix.html","https://media.hcdn.vn//hsk/branddermatix-image-cover-500x5001718003339_img_220x220_0dff4c_fit_center.jpg","https://media.hcdn.vn//hsk/branddermatix-logo1736501482_img_140x70_45e3de_fit_center.jpg","Dermatix","https://hasaki.vn/thuong-hieu/diana.html","https://media.hcdn.vn//hsk/brandDiana-image-cover-500x5001717476450_img_220x220_0dff4c_fit_center.jpg","https://media.hcdn.vn//hsk/brandDiana-logo1718788369_img_140x70_45e3de_fit_center.jpg","Diana","https://hasaki.vn/thuong-hieu/diane.html","https://media.hcdn.vn//hsk/brandDiane-image-cover-brand-500-x-500---2181733303270_img_220x220_0dff4c_fit_center.jpg","https://media.hcdn.vn//hsk/branddiane-logo1736501706_img_140x70_45e3de_fit_center.jpg","Diane","https://hasaki.vn/thuong-hieu/dolce-gabbana.html","https://media.hcdn.vn//hsk/branddolcegabbana-image-cover500x5001747277292_img_220x220_0dff4c_fit_center.jpg","https://media.hcdn.vn//hsk/branddolcegabbana-logo1744363412_img_140x70_45e3de_fit_center.jpg","Dolce & Gabbana","https://hasaki.vn/thuong-hieu/doppelherz.html","https://hasaki.vn/imgs/product/placeholder.svg","https://media.hcdn.vn//hsk/brandDoppelherz-logo1772683111_img_140x70_45e3de_fit_center.jpg","Doppelherz","https://hasaki.vn/thuong-hieu/double-rich.html","https://media.hcdn.vn//hsk/branddouble-rich-image-cover-500x5001716893856_img_220x220_0dff4c_fit_center.jpg","https://media.hcdn.vn/brand/1658998002double_img_140x70_45e3de_fit_center.jpg","Double Rich","https://hasaki.vn/thuong-hieu/dove.html","https://media.hcdn.vn//hsk/branddove-image-cover-500x5001773110074_img_220x220_0dff4c_fit_center.jpg","https://media.hcdn.vn//hsk/branddove-logo1736734394_img_140x70_45e3de_fit_center.jpg","Dove","https://hasaki.vn/thuong-hieu/downy.html","https://hasaki.vn/imgs/product/placeholder.svg","https://media.hcdn.vn//hsk/branddowny-logo-400x2001769050776_img_140x70_45e3de_fit_center.jpg","Downy","https://hasaki.vn/thuong-hieu/dr-g.html","https://media.hcdn.vn//hsk/branddr-g-cover-brand-500x5001766469438_img_220x220_0dff4c_fit_center.png","https://media.hcdn.vn//hsk/branddr-g-logo1728448486_img_140x70_45e3de_fit_center.jpg","Dr.G"
"E","","","","","","","","","","","","","","","","","","","","","","","","","","","","","","","","","","","","","","","","","","","","","","","","","","","","","","","","","","","","","","","","","","","","","","","","","","","",""
"","https://hasaki.vn/thuong-hieu/eau-thermale-jonzac.html","https://media.hcdn.vn//hsk/brandeau-thermale-jonzac-image-cover-500-x-500---2561736436391_img_220x220_0dff4c_fit_center.jpg","https://media.hcdn.vn//hsk/brandeauthermalejonzac-logo1736735098_img_140x70_45e3de_fit_center.jpg","Eau Thermale Jonzac","https://hasaki.vn/thuong-hieu/ecowipes.html","https://media.hcdn.vn//hsk/brandEcoWipes-image-cover-500x5001717476523_img_220x220_0dff4c_fit_center.jpg","https://media.hcdn.vn//hsk/brandecowipes-logo1736735402_img_140x70_45e3de_fit_center.jpg","EcoWipes","https://hasaki.vn/thuong-hieu/egao.html","https://media.hcdn.vn//hsk/brand6-Egao1695032256_img_220x220_0dff4c_fit_center.jpg","https://media.hcdn.vn//hsk/brandegao-logo1693389036_img_140x70_45e3de_fit_center.jpg","Egao","https://hasaki.vn/thuong-hieu/ekseption.html","https://hasaki.vn/imgs/product/placeholder.svg","https://media.hcdn.vn//hsk/brandEkseption-logo1770451296_img_140x70_45e3de_fit_center.jpg","Ekseption","https://hasaki.vn/thuong-hieu/elasten.html","https://media.hcdn.vn//hsk/brandElasten-cover1687768782_img_220x220_0dff4c_fit_center.jpg","https://media.hcdn.vn//hsk/brandElasten-logo1687768688_img_140x70_45e3de_fit_center.jpg","Elasten","https://hasaki.vn/thuong-hieu/elastine.html","https://media.hcdn.vn//hsk/brandelastine-image-cover-500-x-500---2711736437723_img_220x220_0dff4c_fit_center.jpg","https://media.hcdn.vn/brand/1604475700Elastine_img_140x70_45e3de_fit_center.jpg","Elastine","https://hasaki.vn/thuong-hieu/elixir.html","https://media.hcdn.vn//hsk/brandElixir-image-cover-500x5001717476580_img_220x220_0dff4c_fit_center.jpg","https://media.hcdn.vn//hsk/brandelixir-logo-400x2001716613254_img_140x70_45e3de_fit_center.jpg","Elixir","https://hasaki.vn/thuong-hieu/ellips.html","https://media.hcdn.vn//hsk/brandellipsimage-cover500-x-5001715962815_img_220x220_0dff4c_fit_center.jpg","https://media.hcdn.vn/brand/1625538557Ellips_img_140x70_45e3de_fit_center.jpg","Ellips","https://hasaki.vn/thuong-hieu/embryolisse.html","https://media.hcdn.vn//hsk/brandEmbryolisse-cover-brand-500x500---130520251747128167_img_220x220_0dff4c_fit_center.jpg","https://media.hcdn.vn//hsk/brandEmbryolisse-logo1690359887_img_140x70_45e3de_fit_center.jpg","Embryolisse","https://hasaki.vn/thuong-hieu/emmie-by-happy-skin.html","https://media.hcdn.vn//hsk/brandEmmie-cover-brand-500x500---300520251748588579_img_220x220_0dff4c_fit_center.jpg","https://media.hcdn.vn/hsk/brand/emeiLogo1610523863_img_140x70_45e3de_fit_center.jpg","Emmié by Happy Skin","https://hasaki.vn/thuong-hieu/enchanteur.html","https://media.hcdn.vn//hsk/brandEnchanteur-image-cover-500x5001717476599_img_220x220_0dff4c_fit_center.jpg","https://media.hcdn.vn//hsk/brandEnchanteur-logo1682050812_img_140x70_45e3de_fit_center.jpg","Enchanteur","https://hasaki.vn/thuong-hieu/espoir.html","https://media.hcdn.vn//hsk/brandEspoir-image-cover-500x5001717476620_img_220x220_0dff4c_fit_center.jpg","https://media.hcdn.vn//hsk/brandEspoir-logo1668763210_img_140x70_45e3de_fit_center.jpg","Espoir","https://hasaki.vn/thuong-hieu/etiaxil.html","https://media.hcdn.vn//hsk/brandetiaxil-image-cover500x5001747209775_img_220x220_0dff4c_fit_center.jpg","https://media.hcdn.vn//hsk/brandetiaxil-logo-400x2001751271514_img_140x70_45e3de_fit_center.jpg","EtiaXil","https://hasaki.vn/thuong-hieu/eucerin.html","https://media.hcdn.vn//hsk/brandeucerin-image-cover500x5001773110156_img_220x220_0dff4c_fit_center.jpg","https://media.hcdn.vn//hsk/brandEucerin-logo1690282206_img_140x70_45e3de_fit_center.jpg","Eucerin","https://hasaki.vn/thuong-hieu/eucryl.html","https://media.hcdn.vn//hsk/brandEucryl-image-cover-500x5001717476631_img_220x220_0dff4c_fit_center.jpg","https://media.hcdn.vn//hsk/brandeucryl-logo1683358044_img_140x70_45e3de_fit_center.jpg","Eucryl","https://hasaki.vn/thuong-hieu/eveline.html","https://media.hcdn.vn//hsk/brandeveline-image-cover500x5001717993890_img_220x220_0dff4c_fit_center.jpg","https://media.hcdn.vn//hsk/brandeveline-logo1736735726_img_140x70_45e3de_fit_center.jpg","Eveline","https://hasaki.vn/thuong-hieu/evian.html","https://media.hcdn.vn//hsk/brandevian-cover-500x5001715316727_img_220x220_0dff4c_fit_center.jpg","https://media.hcdn.vn//hsk/brandevian-logo1736735856_img_140x70_45e3de_fit_center.jpg","Evian","https://hasaki.vn/thuong-hieu/evoluderm.html","https://media.hcdn.vn//hsk/brandEvoluderm-image-cover-500x5001716893974_img_220x220_0dff4c_fit_center.jpg","https://media.hcdn.vn//hsk/brandevoluderm-logo1736736001_img_140x70_45e3de_fit_center.jpg","Evoluderm","https://hasaki.vn/thuong-hieu/exclusive-cosmetic.html","https://media.hcdn.vn//hsk/brandExclusive-Cosmetic-image-cover-500-x-500---2331735293755_img_220x220_0dff4c_fit_center.jpg","https://media.hcdn.vn/brand/1653640049LOGO1_img_140x70_45e3de_fit_center.jpg","Exclusive Cosmetic"
"F","","","","","","","","","","","","","","","","","","","","","","","","","","","","","","","","","","","","","","","","","","","","","","","","","","","","","","","","","","","","","","","","","","","","","","","","","","","",""
"","https://hasaki.vn/thuong-hieu/fain.html","https://media.hcdn.vn//hsk/brandFain-image-cover-500-x-500---2851735552330_img_220x220_0dff4c_fit_center.jpg","https://media.hcdn.vn//hsk/brandFain-Logo-Brand1730104998_img_140x70_45e3de_fit_center.jpg","Fain","https://hasaki.vn/thuong-hieu/femfresh.html","https://media.hcdn.vn/brand/1636336962500-500_img_220x220_0dff4c_fit_center.jpg","https://media.hcdn.vn/brand/1636336962logo-brand-guidline_img_140x70_45e3de_fit_center.jpg","Femfresh","https://hasaki.vn/thuong-hieu/finetoday.html","https://media.hcdn.vn//hsk/brandFineToday1695377363_img_220x220_0dff4c_fit_center.jpg","https://media.hcdn.vn//hsk/brandfinetoday-logo1693295884_img_140x70_45e3de_fit_center.jpg","FineToday","https://hasaki.vn/thuong-hieu/fino.html","https://media.hcdn.vn//hsk/brandfino-cover1680595628_img_220x220_0dff4c_fit_center.jpg","https://media.hcdn.vn//hsk/brandfino-logo1736736369_img_140x70_45e3de_fit_center.jpg","Fino","https://hasaki.vn/thuong-hieu/fixderma.html","https://media.hcdn.vn//hsk/brandfixderma-image-cover500x5001717993964_img_220x220_0dff4c_fit_center.jpg","https://media.hcdn.vn//hsk/brandfixderma-logo1736736529_img_140x70_45e3de_fit_center.jpg","Fixderma","https://hasaki.vn/thuong-hieu/flawsome.html","https://media.hcdn.vn/hsk/brand/Miracleapo500x5001621938843_img_220x220_0dff4c_fit_center.jpg","https://media.hcdn.vn/brand/1661313113f1_img_140x70_45e3de_fit_center.jpg","Flawsome","https://hasaki.vn/thuong-hieu/foellie.html","https://media.hcdn.vn//hsk/brandfoellie-cover1672904814_img_220x220_0dff4c_fit_center.jpg","https://media.hcdn.vn//hsk/brandfoellie-logo1672904733_img_140x70_45e3de_fit_center.jpg","Foellie","https://hasaki.vn/thuong-hieu/foodaholic.html","https://media.hcdn.vn/brand/1561368013m_img_220x220_0dff4c_fit_center.jpg","https://media.hcdn.vn//hsk/brandFoodaholic-logo1686286374_img_140x70_45e3de_fit_center.jpg","Foodaholic","https://hasaki.vn/thuong-hieu/forencos.html","https://media.hcdn.vn//hsk/brandforencos-image-cover500x5001717994271_img_220x220_0dff4c_fit_center.jpg","https://media.hcdn.vn//hsk/brandForencos-Logo-Brand1730105771_img_140x70_45e3de_fit_center.jpg","Forencos","https://hasaki.vn/thuong-hieu/francia-beauty.html","https://media.hcdn.vn//hsk/brandFrancia-Beauty-cover1695377697_img_220x220_0dff4c_fit_center.jpg","https://media.hcdn.vn//hsk/brandFrancia-beauty-logo1693296576_img_140x70_45e3de_fit_center.jpg","Francia Beauty","https://hasaki.vn/thuong-hieu/frankly.html","https://media.hcdn.vn//hsk/brandfrankly-image-cover-brand-500x500---160820251755320015_img_220x220_0dff4c_fit_center.png","https://media.hcdn.vn//hsk/brandfrankly-logo1754293693_img_140x70_45e3de_fit_center.jpg","Frankly","https://hasaki.vn/thuong-hieu/freeplus.html","https://media.hcdn.vn/brand/1606536923freeplus-cover_img_220x220_0dff4c_fit_center.jpg","https://media.hcdn.vn/brand/1606536923freeplus_img_140x70_45e3de_fit_center.jpg","Freeplus","https://hasaki.vn/thuong-hieu/fressi.html","https://media.hcdn.vn//hsk/brandfressi-care-cover1680233836_img_220x220_0dff4c_fit_center.jpg","https://media.hcdn.vn//hsk/brandFressi-logo1680233612_img_140x70_45e3de_fit_center.jpg","Fressi Care","","","","","","","","","","","","","","","","","","","","","","","",""
"G","","","","","","","","","","","","","","","","","","","","","","","","","","","","","","","","","","","","","","","","","","","","","","","","","","","","","","","","","","","","","","","","","","","","","","","","","","","",""
"","https://hasaki.vn/thuong-hieu/gp-club.html","https://media.hcdn.vn//hsk/brandGP-Club-cover1695378679_img_220x220_0dff4c_fit_center.jpg","https://media.hcdn.vn//hsk/brandGP-Club-logo1695875321_img_140x70_45e3de_fit_center.jpg","GP Club","https://hasaki.vn/thuong-hieu/gamma-chemicals.html","https://media.hcdn.vn//hsk/brandgamma-chemicals-image-cover-500x5001716179211_img_220x220_0dff4c_fit_center.jpg","https://media.hcdn.vn//hsk/brandgamma-chemicals1678265427_img_140x70_45e3de_fit_center.jpg","Gamma Chemicals","https://hasaki.vn/thuong-hieu/garglin.html","https://media.hcdn.vn//hsk/brandgarglin-cover-brand-500x5001766642321_img_220x220_0dff4c_fit_center.jpg","https://media.hcdn.vn//hsk/brandgarglin-logo-400x2001763001456_img_140x70_45e3de_fit_center.jpg","Garglin","https://hasaki.vn/thuong-hieu/garnier.html","https://media.hcdn.vn//hsk/brandgarnier-image-cover500x5001773110262_img_220x220_0dff4c_fit_center.jpg","https://media.hcdn.vn//hsk/brandGarnier-logo1728234915_img_140x70_45e3de_fit_center.jpg","Garnier","https://hasaki.vn/thuong-hieu/gennie.html","https://media.hcdn.vn//hsk/brandgennie-image-cover500x5001717995114_img_220x220_0dff4c_fit_center.jpg","https://media.hcdn.vn//hsk/brandgennie-logo-brand1760432775_img_140x70_45e3de_fit_center.jpg","Gennie","https://hasaki.vn/thuong-hieu/gillette.html","https://media.hcdn.vn//hsk/brandgilletteimage-cover500-x-5001715962847_img_220x220_0dff4c_fit_center.jpg","https://media.hcdn.vn//hsk/brandGillette-logo1736737012_img_140x70_45e3de_fit_center.jpg","Gillette","https://hasaki.vn/thuong-hieu/giorgio-armani.html","https://media.hcdn.vn//hsk/brandgiorgio-armani-image-cover-500-x-5001723026615_img_220x220_0dff4c_fit_center.jpg","https://media.hcdn.vn//hsk/brandgorgio-armani-logo-400x2001721807373_img_140x70_45e3de_fit_center.jpg","Giorgio Armani","https://hasaki.vn/thuong-hieu/girlz-only.html","https://media.hcdn.vn//hsk/brandgirlz-onlyimage-cover500-x-5001715962871_img_220x220_0dff4c_fit_center.jpg","https://media.hcdn.vn//hsk/brandGirlzOnlylogo1684399816_img_140x70_45e3de_fit_center.jpg","Girlz Only","https://hasaki.vn/thuong-hieu/glowcode.html","https://media.hcdn.vn//hsk/brandglowcode-image-cover-500x5001731058732_img_220x220_0dff4c_fit_center.jpg","https://media.hcdn.vn//hsk/brandbrandglowcode-logo1730949152_img_140x70_45e3de_fit_center.jpg","GlowCode","https://hasaki.vn/thuong-hieu/gogo-tales.html","https://media.hcdn.vn//hsk/brandgogo-tales-cover1680246833_img_220x220_0dff4c_fit_center.jpg","https://media.hcdn.vn//hsk/brandgogo-tales-logo1668397756_img_140x70_45e3de_fit_center.jpg","Gogo Tales","https://hasaki.vn/thuong-hieu/golden-bay.html","https://media.hcdn.vn//hsk/brandGolden-Bay-cover1695378495_img_220x220_0dff4c_fit_center.jpg","https://media.hcdn.vn//hsk/brandgolden-bay-logo1744620736_img_140x70_45e3de_fit_center.jpg","Golden Bay","https://hasaki.vn/thuong-hieu/goodlife.html","https://media.hcdn.vn//hsk/brandgoodlife-image-cover-brand-500x5001754641319_img_220x220_0dff4c_fit_center.png","https://media.hcdn.vn//hsk/brandgoodlife-logo-400x2001754638331_img_140x70_45e3de_fit_center.jpg","Goodlife","https://hasaki.vn/thuong-hieu/goodndoc.html","https://media.hcdn.vn//hsk/brandgoodndoc-image-cover-500x5001716893422_img_220x220_0dff4c_fit_center.jpg","https://media.hcdn.vn//hsk/brandGoodnDoc-logo1736737435_img_140x70_45e3de_fit_center.jpg","GoodnDoc","https://hasaki.vn/thuong-hieu/goodsale-tech-viet-nam.html","https://media.hcdn.vn//hsk/brandgoodsaletech-image-cover500x5001747209861_img_220x220_0dff4c_fit_center.jpg","https://media.hcdn.vn//hsk/brandgoodsale-tech-viet-nam-logo-brand1742463541_img_140x70_45e3de_fit_center.jpg","Goodsale Tech Việt Nam","https://hasaki.vn/thuong-hieu/gookin.html","https://media.hcdn.vn//hsk/brandgookin-image-cover500x5001763368481_img_220x220_0dff4c_fit_center.jpg","https://media.hcdn.vn//hsk/brandgookin-logo-400x2001761280076_img_140x70_45e3de_fit_center.jpg","Gookin","https://hasaki.vn/thuong-hieu/gota.html","https://media.hcdn.vn//hsk/brandgota-cover1690352330_img_220x220_0dff4c_fit_center.jpg","https://media.hcdn.vn//hsk/brandGota-logo1690352264_img_140x70_45e3de_fit_center.jpg","Gota","https://hasaki.vn/thuong-hieu/grace-and-glow.html","https://media.hcdn.vn//hsk/brand11704857972_img_220x220_0dff4c_fit_center.jpg","https://media.hcdn.vn//hsk/brandgraceandglow-logo1736737553_img_140x70_45e3de_fit_center.jpg","Grace And Glow","https://hasaki.vn/thuong-hieu/guard-halo.html","https://media.hcdn.vn//hsk/brandGuard-Halo-cover1704512474_img_220x220_0dff4c_fit_center.jpg","https://media.hcdn.vn//hsk/brandGuard-Halo-logo1704512125_img_140x70_45e3de_fit_center.jpg","Guard Halo","","","",""
"H","","","","","","","","","","","","","","","","","","","","","","","","","","","","","","","","","","","","","","","","","","","","","","","","","","","","","","","","","","","","","","","","","","","","","","","","","","","",""
"","https://hasaki.vn/thuong-hieu/hasi.html","https://media.hcdn.vn//hsk/brandHASI-image-cover-500-x-500---2471735294243_img_220x220_0dff4c_fit_center.jpg","https://media.hcdn.vn/brand/1650520392logo-brand-guidline_img_140x70_45e3de_fit_center.jpg","HASI","https://hasaki.vn/thuong-hieu/hada-labo.html","https://media.hcdn.vn//hsk/brandhadalabo-image-cover500x5001773110288_img_220x220_0dff4c_fit_center.jpg","https://media.hcdn.vn//hsk/brandHada-labo-logo1690282339_img_140x70_45e3de_fit_center.jpg","Hada Labo","https://hasaki.vn/thuong-hieu/halio.html","https://media.hcdn.vn//hsk/brandhalio-image-cover-500-x-500---2771736492296_img_220x220_0dff4c_fit_center.jpg","https://media.hcdn.vn//hsk/brandhalio-logo1747889762_img_140x70_45e3de_fit_center.jpg","Halio","https://hasaki.vn/thuong-hieu/happy-event.html","https://media.hcdn.vn//hsk/brandhappy-event-image-cover-500-x-500---2781736492329_img_220x220_0dff4c_fit_center.jpg","https://media.hcdn.vn/brand/1539571535happy-event_img_140x70_45e3de_fit_center.jpg","Happy Event","https://hasaki.vn/thuong-hieu/hasaki.html","https://media.hcdn.vn//hsk/brandhasaki-cover-brand-500-x-500---020820251754106903_img_220x220_0dff4c_fit_center.jpg","https://media.hcdn.vn//hsk/brandHasaki-logo1753439912_img_140x70_45e3de_fit_center.jpg","Hasaki","https://hasaki.vn/thuong-hieu/hatomugi.html","https://media.hcdn.vn//hsk/brandhatomugi-image-cover-500x5001716177739_img_220x220_0dff4c_fit_center.jpg","https://media.hcdn.vn//hsk/brandHatomugi-logo1693292675_img_140x70_45e3de_fit_center.jpg","Hatomugi","https://hasaki.vn/thuong-hieu/havatek.html","https://media.hcdn.vn//hsk/brandHavatekCover-brand500x500px1760089512_img_220x220_0dff4c_fit_center.png","https://media.hcdn.vn//hsk/brandHavatek-logo-brand-400x2001732509990_img_140x70_45e3de_fit_center.jpg","Havatek","https://hasaki.vn/thuong-hieu/hazeline.html","https://media.hcdn.vn//hsk/brandhazeline-image-cover500x5001717994793_img_220x220_0dff4c_fit_center.jpg","https://media.hcdn.vn//hsk/brandHazeline-logo1736738295_img_140x70_45e3de_fit_center.jpg","Hazeline","https://hasaki.vn/thuong-hieu/head-shoulders.html","https://media.hcdn.vn//hsk/brandhead-shoulders-image-cover-500-x-5001723453953_img_220x220_0dff4c_fit_center.jpg","https://media.hcdn.vn//hsk/brandhead-shoulders-logo1723524334_img_140x70_45e3de_fit_center.jpg","Head & Shoulders","https://hasaki.vn/thuong-hieu/heliocare.html","https://media.hcdn.vn//hsk/brandheliocare-image-cover-500-x-500---2581736436458_img_220x220_0dff4c_fit_center.jpg","https://media.hcdn.vn//hsk/brandheliocare-logo1736823114_img_140x70_45e3de_fit_center.jpg","Heliocare","https://hasaki.vn/thuong-hieu/hexze.html","https://media.hcdn.vn//hsk/brandHexze-Cover-Brand-500x500---090620251749464127_img_220x220_0dff4c_fit_center.jpg","https://media.hcdn.vn//hsk/brandhexze-logo-400x2001749449739_img_140x70_45e3de_fit_center.jpg","Hexze","https://hasaki.vn/thuong-hieu/himalaya-pink-salt.html","https://media.hcdn.vn//hsk/brandHimalaya-Pink-Salt-cover1702280788_img_220x220_0dff4c_fit_center.jpg","https://media.hcdn.vn//hsk/brandHimalaya-Pink-Salt-logo1702279940_img_140x70_45e3de_fit_center.jpg","Himalaya Pink Salt","https://hasaki.vn/thuong-hieu/hiruscar.html","https://media.hcdn.vn//hsk/brandHiruscar-cover-brand-500x5001770794867_img_220x220_0dff4c_fit_center.jpg","https://media.hcdn.vn//hsk/brandhiruscar-logo-400x2001771831120_img_140x70_45e3de_fit_center.jpg","Hiruscar","https://hasaki.vn/thuong-hieu/hoaphuc-beautycare.html","https://media.hcdn.vn//hsk/brandHoaPhuc-BeautyCare1695626730_img_220x220_0dff4c_fit_center.jpg","https://media.hcdn.vn//hsk/brandhoaphuc-beautycare1693291592_img_140x70_45e3de_fit_center.jpg","HoaPhuc BeautyCare","https://hasaki.vn/thuong-hieu/horus.html","https://media.hcdn.vn//hsk/brandhorus-image-cover500x5001717994419_img_220x220_0dff4c_fit_center.jpg","https://media.hcdn.vn/brand/1650521137horus_img_140x70_45e3de_fit_center.jpg","Horus","https://hasaki.vn/thuong-hieu/hotosu.html","https://media.hcdn.vn//hsk/brandHotosu-cover1695636533_img_220x220_0dff4c_fit_center.jpg","https://media.hcdn.vn//hsk/brandHotosu-logo1694580828_img_140x70_45e3de_fit_center.jpg","Hotosu","https://hasaki.vn/thuong-hieu/huxley.html","https://media.hcdn.vn//hsk/brandhuxley-image-cover-500-x-500---2591736436652_img_220x220_0dff4c_fit_center.jpg","https://media.hcdn.vn/brand/1554713872huxley_img_140x70_45e3de_fit_center.jpg","Huxley","https://hasaki.vn/thuong-hieu/hyaestic.html","https://media.hcdn.vn//hsk/brandHyaestic-image-cover-500x5001717482347_img_220x220_0dff4c_fit_center.jpg","https://media.hcdn.vn//hsk/brandhyaestic-logo-400x2001713326144_img_140x70_45e3de_fit_center.jpg","Hyaestic","","","",""
"I","","","","","","","","","","","","","","","","","","","","","","","","","","","","","","","","","","","","","","","","","","","","","","","","","","","","","","","","","","","","","","","","","","","","","","","","","","","",""
"","https://hasaki.vn/thuong-hieu/i-m-from.html","https://media.hcdn.vn//hsk/brandi-m-from-cover1680074441_img_220x220_0dff4c_fit_center.jpg","https://media.hcdn.vn//hsk/brandi-m-from-logo1680073491_img_140x70_45e3de_fit_center.jpg","I'm from","https://hasaki.vn/thuong-hieu/inci.html","https://media.hcdn.vn//hsk/brandinci-image-cover500x5001747209908_img_220x220_0dff4c_fit_center.jpg","https://media.hcdn.vn//hsk/brandinci-logo1736823227_img_140x70_45e3de_fit_center.jpg","Inci","https://hasaki.vn/thuong-hieu/inci-mask.html","https://media.hcdn.vn//hsk/brand1111701077231_img_220x220_0dff4c_fit_center.jpg","https://media.hcdn.vn//hsk/brand1211701077231_img_140x70_45e3de_fit_center.jpg","Inci Mask","https://hasaki.vn/thuong-hieu/into-you.html","https://media.hcdn.vn//hsk/brandinto-you-image-cover-500-x-500---2821736492961_img_220x220_0dff4c_fit_center.jpg","https://media.hcdn.vn//hsk/brandintoyou-logo-400x2001730087950_img_140x70_45e3de_fit_center.jpg","Into You","https://hasaki.vn/thuong-hieu/ipek-klasik.html","https://media.hcdn.vn//hsk/brandipek-cover-500x5001715310590_img_220x220_0dff4c_fit_center.jpg","https://media.hcdn.vn//hsk/brandipek-logo1736824228_img_140x70_45e3de_fit_center.jpg","Ipek Klasik","https://hasaki.vn/thuong-hieu/isis-pharma.html","https://media.hcdn.vn//hsk/brandisispharma-image-cover500x5001747209969_img_220x220_0dff4c_fit_center.jpg","https://media.hcdn.vn//hsk/brandIsispharma-logo1736824717_img_140x70_45e3de_fit_center.jpg","Isis Pharma","https://hasaki.vn/thuong-hieu/issey-miyake.html","https://media.hcdn.vn//hsk/brandIssey-Miyake-image-cover-brand-500-x-500---2271734070948_img_220x220_0dff4c_fit_center.jpg","https://media.hcdn.vn//hsk/brandissey-miyake-logo-400x2001711524443_img_140x70_45e3de_fit_center.png","Issey Miyake","https://hasaki.vn/thuong-hieu/itoh-kanpo.html","https://media.hcdn.vn//hsk/branditoh-kanpo-image-cover-500x5001716893559_img_220x220_0dff4c_fit_center.jpg","https://media.hcdn.vn/brand/1610351333itoh-kanpo-logo_img_140x70_45e3de_fit_center.jpg","Itoh Kanpo","https://hasaki.vn/thuong-hieu/innisfree.html","https://media.hcdn.vn//hsk/brandinnisfree-image-cover-500x5001716179860_img_220x220_0dff4c_fit_center.jpg","https://media.hcdn.vn//hsk/brandinnisfree-logo1693220277_img_140x70_45e3de_fit_center.jpg","innisfree","","","","","","","","","","","","","","","","","","","","","","","","","","","","","","","","","","","","","","","",""
"J","","","","","","","","","","","","","","","","","","","","","","","","","","","","","","","","","","","","","","","","","","","","","","","","","","","","","","","","","","","","","","","","","","","","","","","","","","","",""
"","https://hasaki.vn/thuong-hieu/jmsolution.html","https://media.hcdn.vn//hsk/brandJMsolution-image-cover-500x5001717477080_img_220x220_0dff4c_fit_center.jpg","https://media.hcdn.vn//hsk/brandJMsolution-logo1669801616_img_140x70_45e3de_fit_center.jpg","JMsolution","https://hasaki.vn/thuong-hieu/jean-paul-gaultier.html","https://media.hcdn.vn//hsk/brandjean-11685677369_img_220x220_0dff4c_fit_center.jpg","https://media.hcdn.vn//hsk/brandJeanpaulgaultier-logo1736825004_img_140x70_45e3de_fit_center.jpg","Jean Paul Gaultier","https://hasaki.vn/thuong-hieu/jimmy-choo.html","https://media.hcdn.vn//hsk/brandjimmychoo-image-cover500x5001747210130_img_220x220_0dff4c_fit_center.jpg","https://media.hcdn.vn//hsk/brandjimmychoo-logo1744278604_img_140x70_45e3de_fit_center.jpg","Jimmy Choo","https://hasaki.vn/thuong-hieu/jisulife.html","https://hasaki.vn/imgs/product/placeholder.svg","https://media.hcdn.vn//hsk/brandbrandjisulife-logo1765162586_img_140x70_45e3de_fit_center.jpg","Jisulife","https://hasaki.vn/thuong-hieu/johnson-johnson.html","https://media.hcdn.vn//hsk/brandJohnson--Johnson-image-cover-500x5001728536481_img_220x220_0dff4c_fit_center.jpg","https://media.hcdn.vn/hsk/brand/johnson1604474035_img_140x70_45e3de_fit_center.jpg","Johnson & Johnson","https://hasaki.vn/thuong-hieu/johnson-s.html","https://media.hcdn.vn//hsk/brandjohnsons-image-cover-500x5001728525832_img_220x220_0dff4c_fit_center.jpg","https://media.hcdn.vn//hsk/brandjohnson-s-logo-brand1701229036_img_140x70_45e3de_fit_center.jpg","Johnson's","https://hasaki.vn/thuong-hieu/johnson-s-baby.html","https://media.hcdn.vn//hsk/brandjohnson-s-baby-image-cover-500-x-500---2901735552519_img_220x220_0dff4c_fit_center.jpg","https://media.hcdn.vn//hsk/brandJohnsonsbaby-logo1736825476_img_140x70_45e3de_fit_center.jpg","Johnson's Baby","https://hasaki.vn/thuong-hieu/jomi.html","https://media.hcdn.vn/brand/1477359053jomi-cover_img_220x220_0dff4c_fit_center.jpg","https://media.hcdn.vn/brand/1477359053jomi-logo_img_140x70_45e3de_fit_center.jpg","Jomi","https://hasaki.vn/thuong-hieu/joocyee.html","https://media.hcdn.vn//hsk/brandJoocyee-cover-brand-500x500---140520251747215659_img_220x220_0dff4c_fit_center.jpg","https://media.hcdn.vn//hsk/brandjoocyee-logo1737081258_img_140x70_45e3de_fit_center.jpg","Joocyee","https://hasaki.vn/thuong-hieu/joygroup-vietnam.html","https://media.hcdn.vn//hsk/brandjoygroupvietnam-image-cover500x5001747277255_img_220x220_0dff4c_fit_center.jpg","https://media.hcdn.vn//hsk/brandJoyGroup-Vietnam-logo1747128234_img_140x70_45e3de_fit_center.jpg","JoyGroup Vietnam","https://hasaki.vn/thuong-hieu/judydoll.html","https://media.hcdn.vn//hsk/brandjudydoll-image-cover500x5001773110321_img_220x220_0dff4c_fit_center.jpg","https://media.hcdn.vn//hsk/brandjudydoll-logo-400x2001718697885_img_140x70_45e3de_fit_center.jpg","Judydoll","https://hasaki.vn/thuong-hieu/jumiso.html","https://media.hcdn.vn//hsk/brandJumiso-cover-brand-500x500---100420251744292572_img_220x220_0dff4c_fit_center.jpg","https://media.hcdn.vn//hsk/brandjumiso-logo1744255122_img_140x70_45e3de_fit_center.jpg","Jumiso","","","","","","","","","","","","","","","","","","","","","","","","","","","",""
"K","","","","","","","","","","","","","","","","","","","","","","","","","","","","","","","","","","","","","","","","","","","","","","","","","","","","","","","","","","","","","","","","","","","","","","","","","","","",""
"","https://hasaki.vn/thuong-hieu/kai.html","https://media.hcdn.vn//hsk/brandKAI-image-cover-500-x-500---2281735291868_img_220x220_0dff4c_fit_center.jpg","https://media.hcdn.vn/hsk/brand/LogoKai1633504601_img_140x70_45e3de_fit_center.jpg","KAI","https://hasaki.vn/thuong-hieu/kao.html","https://media.hcdn.vn/hsk/brand/kao-11604474053_img_220x220_0dff4c_fit_center.jpg","https://media.hcdn.vn/hsk/brand/kao1604474053_img_140x70_45e3de_fit_center.jpg","KAO","https://hasaki.vn/thuong-hieu/kvic-partners.html","https://media.hcdn.vn//hsk/brandKVIC-Partners1695626900_img_220x220_0dff4c_fit_center.jpg","https://media.hcdn.vn//hsk/brandKVIC-Partners-logo1694424128_img_140x70_45e3de_fit_center.jpg","KVIC Partners","https://hasaki.vn/thuong-hieu/kerasys.html","https://media.hcdn.vn//hsk/brandKerasys-image-cover-brand-500-x-500---2191733303305_img_220x220_0dff4c_fit_center.jpg","https://media.hcdn.vn//hsk/brandbrandkerasys-logo1728530312_img_140x70_45e3de_fit_center.jpg","KeraSys","https://hasaki.vn/thuong-hieu/keyshu.html","https://media.hcdn.vn//hsk/brandKeyshu-cover-brand-500x500---130620251749804169_img_220x220_0dff4c_fit_center.png","https://media.hcdn.vn//hsk/brandkeyshu-logo-400x2001749803839_img_140x70_45e3de_fit_center.jpg","Keyshu","https://hasaki.vn/thuong-hieu/kiss-my-body.html","https://media.hcdn.vn//hsk/brandkiss-my-body-image-cover-500x5001712558290_img_220x220_0dff4c_fit_center.jpg","https://media.hcdn.vn//hsk/brandkissmybody-logo-400x2001711425924_img_140x70_45e3de_fit_center.jpg","Kiss My Body","https://hasaki.vn/thuong-hieu/kissme.html","https://media.hcdn.vn//hsk/brandkissme-image-cover500x5001717993764_img_220x220_0dff4c_fit_center.jpg","https://media.hcdn.vn/brand/1652171431kiss_img_140x70_45e3de_fit_center.jpg","Kissme","https://hasaki.vn/thuong-hieu/klairs.html","https://media.hcdn.vn//hsk/brandklairs-image-cover500x5001773110355_img_220x220_0dff4c_fit_center.jpg","https://media.hcdn.vn/brand/1534909918klairs_img_140x70_45e3de_fit_center.jpg","Klairs","https://hasaki.vn/thuong-hieu/kleannara.html","https://media.hcdn.vn/brand/1625538781Kleannara_avt_img_220x220_0dff4c_fit_center.jpg","https://media.hcdn.vn//hsk/brandkleannara-logo1736825767_img_140x70_45e3de_fit_center.jpg","Kleannara","https://hasaki.vn/thuong-hieu/kose.html","https://media.hcdn.vn//hsk/brandKose-image-cover-500-x-5001718608331_img_220x220_0dff4c_fit_center.jpg","https://media.hcdn.vn//hsk/brandKOS-Cosmeport-logo1693291299_img_140x70_45e3de_fit_center.jpg","Kosé","https://hasaki.vn/thuong-hieu/kotex.html","https://media.hcdn.vn//hsk/brandkotex-image-cover500x5001747210197_img_220x220_0dff4c_fit_center.jpg","https://media.hcdn.vn//hsk/brand21694078256_img_140x70_45e3de_fit_center.jpg","Kotex","https://hasaki.vn/thuong-hieu/krasota.html","https://media.hcdn.vn//hsk/brandKrasota-image-cover-500x5001712572104_img_220x220_0dff4c_fit_center.jpg","https://media.hcdn.vn/hsk/brand/placeholder-logo-brand-400-x-200_img_140x70_45e3de_fit_center.jpg","Krasota","https://hasaki.vn/thuong-hieu/kumargic.html","https://media.hcdn.vn/brand/1625539165kumargic_avt_img_220x220_0dff4c_fit_center.jpg","https://media.hcdn.vn//hsk/brandKumargic-logo1751524557_img_140x70_45e3de_fit_center.jpg","Kumargic","https://hasaki.vn/thuong-hieu/kutieskin.html","https://media.hcdn.vn//hsk/brandkutieskin-Cover-Brand-500x500---110920251757580444_img_220x220_0dff4c_fit_center.jpg","https://media.hcdn.vn//hsk/brandbrandkutieskin-logo1756450527_img_140x70_45e3de_fit_center.jpg","Kutieskin","https://hasaki.vn/thuong-hieu/kem-nghia.html","https://media.hcdn.vn//hsk/brandbrandKemNghia-image-cover1725507191_img_220x220_0dff4c_fit_center.jpg","https://media.hcdn.vn//hsk/brandKm-Ngha-logo1725507191_img_140x70_45e3de_fit_center.jpg","Kềm Nghĩa","","","","","","","","","","","","","","","",""
"L","","","","","","","","","","","","","","","","","","","","","","","","","","","","","","","","","","","","","","","","","","","","","","","","","","","","","","","","","","","","","","","","","","","","","","","","","","","",""
"","https://hasaki.vn/thuong-hieu/l-oreal.html","https://media.hcdn.vn//hsk/brandloreal-image-cover500x5001773110392_img_220x220_0dff4c_fit_center.jpg","https://media.hcdn.vn/brand/1625111472loreal_img_140x70_45e3de_fit_center.jpg","L'Oreal","https://hasaki.vn/thuong-hieu/l-oreal-professionnel.html","https://media.hcdn.vn//hsk/brandl-oreal-professionnel-image-cover-500x5001723108638_img_220x220_0dff4c_fit_center.jpg","https://media.hcdn.vn/brand/1610348063loreal_img_140x70_45e3de_fit_center.jpg","L'Oreal Professionnel","https://hasaki.vn/thuong-hieu/acd.html","https://media.hcdn.vn//hsk/brandLOral-ACD1695627135_img_220x220_0dff4c_fit_center.jpg","https://media.hcdn.vn//hsk/brandLoreal-ACD1694425758_img_140x70_45e3de_fit_center.jpg","L'Oréal ACD","https://hasaki.vn/thuong-hieu/l-oreal-cpd.html","https://media.hcdn.vn//hsk/brandLOral-CPD1695627115_img_220x220_0dff4c_fit_center.jpg","https://media.hcdn.vn//hsk/brandl-oreal-cpd-logo1693387520_img_140x70_45e3de_fit_center.jpg","L'Oréal CPD","https://hasaki.vn/thuong-hieu/l-oreal-luxe.html","https://media.hcdn.vn//hsk/brandLOral-Luxe1695627199_img_220x220_0dff4c_fit_center.jpg","https://media.hcdn.vn//hsk/brandloreal-luxe-logo1693387939_img_140x70_45e3de_fit_center.jpg","L'Oréal Luxe","https://hasaki.vn/thuong-hieu/lg-vina-cosmetics.html","https://media.hcdn.vn//hsk/brandlg-vina-image-cover-500x5001712572122_img_220x220_0dff4c_fit_center.jpg","https://media.hcdn.vn//hsk/brandLG-Vina-Cosmetics1681811034_img_140x70_45e3de_fit_center.jpg","LG VINA Cosmetics","https://hasaki.vn/thuong-hieu/lixibox.html","https://media.hcdn.vn//hsk/brandhalio-image-cover-500x5001712376804_img_220x220_0dff4c_fit_center.jpg","https://media.hcdn.vn/brand/1641621316lixibox_img_140x70_45e3de_fit_center.jpg","LIXIBOX","https://hasaki.vn/thuong-hieu/luna.html","https://media.hcdn.vn/brand/1488785648LUNA-cover_img_220x220_0dff4c_fit_center.jpg","https://media.hcdn.vn/brand/1488785648LUNA-logo_img_140x70_45e3de_fit_center.jpg","LUNA","https://hasaki.vn/thuong-hieu/lux.html","https://media.hcdn.vn//hsk/brandLUX-image-cover-500-x-5001723782229_img_220x220_0dff4c_fit_center.jpg","https://media.hcdn.vn/brand/1636339940logo-brand-guidline_img_140x70_45e3de_fit_center.jpg","LUX","https://hasaki.vn/thuong-hieu/la-bonita.html","https://media.hcdn.vn//hsk/brandLa-Bonita-image-cover-500-x-500---2961738665269_img_220x220_0dff4c_fit_center.jpg","https://media.hcdn.vn//hsk/brandlabonita-logo-400x2001737080518_img_140x70_45e3de_fit_center.jpg","La Bonita","https://hasaki.vn/thuong-hieu/la-roche-posay.html","https://media.hcdn.vn//hsk/brandlrp-image-cover500x5001773110419_img_220x220_0dff4c_fit_center.png","https://media.hcdn.vn//hsk/brandLa-roche-posay-logo1690281599_img_140x70_45e3de_fit_center.jpg","La Roche-Posay","https://hasaki.vn/thuong-hieu/labiotte.html","https://media.hcdn.vn//hsk/brandLabiotte-image-cover-500-x-5001723782554_img_220x220_0dff4c_fit_center.jpg","https://media.hcdn.vn//hsk/brandlabiotte-logo-400x2001723429821_img_140x70_45e3de_fit_center.jpg","Labiotte","https://hasaki.vn/thuong-hieu/laboratorios-babe.html","https://media.hcdn.vn//hsk/brandlaboratorios-babe-cover1680495432_img_220x220_0dff4c_fit_center.jpg","https://media.hcdn.vn//hsk/brandbrandlaboratoriosbabe-logo1763707100_img_140x70_45e3de_fit_center.jpg","Laboratorios Babé","https://hasaki.vn/thuong-hieu/lacoste.html","https://media.hcdn.vn//hsk/brandlacoste-image-cover500x5001747210538_img_220x220_0dff4c_fit_center.jpg","https://media.hcdn.vn//hsk/brandlacoste-logo1744335651_img_140x70_45e3de_fit_center.jpg","Lacoste","https://hasaki.vn/thuong-hieu/lactacyd.html","https://media.hcdn.vn//hsk/brandLactacyd-image-cover-500x5001717477089_img_220x220_0dff4c_fit_center.jpg","https://media.hcdn.vn//hsk/brandlactacyd-logo1750152437_img_140x70_45e3de_fit_center.jpg","Lactacyd","https://hasaki.vn/thuong-hieu/lactobact-intima.html","https://media.hcdn.vn//hsk/brandLactobact-Intima-cover-image-500x5001742289940_img_220x220_0dff4c_fit_center.jpg","https://media.hcdn.vn//hsk/brandlactobact-intima-logo-400x2001741247325_img_140x70_45e3de_fit_center.jpg","Lactobact Intima","https://hasaki.vn/thuong-hieu/lanbena.html","https://media.hcdn.vn//hsk/brandLanbena-image-cover-brand-500-x-500---2211733303385_img_220x220_0dff4c_fit_center.jpg","https://media.hcdn.vn//hsk/brandLanbena-logo1736825982_img_140x70_45e3de_fit_center.jpg","Lanbena","https://hasaki.vn/thuong-hieu/lancome.html","https://media.hcdn.vn//hsk/brandlancome-image-cover-500x5001721187152_img_220x220_0dff4c_fit_center.jpg","https://media.hcdn.vn//hsk/brandlancome-logo-400x2001720074411_img_140x70_45e3de_fit_center.jpg","Lancôme","https://hasaki.vn/thuong-hieu/laneige.html","https://media.hcdn.vn//hsk/brandlaneige-image-cover-500x5001716179616_img_220x220_0dff4c_fit_center.jpg","https://media.hcdn.vn/hsk/brand/laneige400x2001621914519_img_140x70_45e3de_fit_center.jpg","Laneige"
"M","","","","","","","","","","","","","","","","","","","","","","","","","","","","","","","","","","","","","","","","","","","","","","","","","","","","","","","","","","","","","","","","","","","","","","","","","","","",""
"","https://hasaki.vn/thuong-hieu/meishoku.html","https://media.hcdn.vn//hsk/brandMEISHOKU-image-cover-500-x-500---2481735294280_img_220x220_0dff4c_fit_center.jpg","https://media.hcdn.vn//hsk/brandmeishoku-logo1736827512_img_140x70_45e3de_fit_center.jpg","MEISHOKU","https://hasaki.vn/thuong-hieu/ma-nyo.html","https://media.hcdn.vn//hsk/brandma-nyo-image-cover-brand-500-x-500---17511732529430_img_220x220_0dff4c_fit_center.jpg","https://media.hcdn.vn//hsk/brandManyo-logo1736828050_img_140x70_45e3de_fit_center.jpg","Ma:nyo","https://hasaki.vn/thuong-hieu/marc-jacobs.html","https://media.hcdn.vn/brand/1470891099marcjacobs_cover_img_220x220_0dff4c_fit_center.jpg","https://media.hcdn.vn/brand/1470891099marc-jacobs-logo_img_140x70_45e3de_fit_center.jpg","Marc Jacobs","https://hasaki.vn/thuong-hieu/marico.html","https://media.hcdn.vn//hsk/brandMarico1695629092_img_220x220_0dff4c_fit_center.jpg","https://media.hcdn.vn//hsk/brandmarico1693386124_img_140x70_45e3de_fit_center.jpg","Marico","https://hasaki.vn/thuong-hieu/martiderm.html","https://media.hcdn.vn//hsk/brandmartiderm-image-cover-500x5001716180076_img_220x220_0dff4c_fit_center.jpg","https://media.hcdn.vn/brand/1641871073marti_img_140x70_45e3de_fit_center.jpg","Martiderm","https://hasaki.vn/thuong-hieu/marvis.html","https://media.hcdn.vn//hsk/brand12341696838466_img_220x220_0dff4c_fit_center.jpg","https://media.hcdn.vn//hsk/brandMarvis-logo1736828320_img_140x70_45e3de_fit_center.jpg","Marvis","https://hasaki.vn/thuong-hieu/mastige.html","https://media.hcdn.vn//hsk/brandmastige-image-cover500x5001773110448_img_220x220_0dff4c_fit_center.jpg","https://media.hcdn.vn//hsk/brandMastige-logo1714194346_img_140x70_45e3de_fit_center.jpg","Mastige","https://hasaki.vn/thuong-hieu/mastige-vietnam.html","https://media.hcdn.vn//hsk/brandmastige-vietnam-image-cover500x5001750664620_img_220x220_0dff4c_fit_center.jpg","https://media.hcdn.vn//hsk/brandMastige-vietnam-logo1749538138_img_140x70_45e3de_fit_center.jpg","Mastige Vietnam","https://hasaki.vn/thuong-hieu/mayan.html","https://media.hcdn.vn//hsk/brandMAYAN-image-cover-500-x-500---2491735877853_img_220x220_0dff4c_fit_center.jpg","https://media.hcdn.vn/brand/1475048208mayan-logo_img_140x70_45e3de_fit_center.jpg","Mayan","https://hasaki.vn/thuong-hieu/maybelline.html","https://media.hcdn.vn//hsk/brandMaybelline-image-cover-500x500-1020241728037390_img_220x220_0dff4c_fit_center.jpg","https://media.hcdn.vn//hsk/brandMaybelline-logo1694760363_img_140x70_45e3de_fit_center.jpg","Maybelline","https://hasaki.vn/thuong-hieu/median.html","https://media.hcdn.vn//hsk/brandmedian-image-cover500x5001747211997_img_220x220_0dff4c_fit_center.jpg","https://media.hcdn.vn//hsk/brandMedian-logo1686213844_img_140x70_45e3de_fit_center.jpg","Median","https://hasaki.vn/thuong-hieu/medianswer.html","https://media.hcdn.vn//hsk/brandmedianswer-image-cover500x5001750664638_img_220x220_0dff4c_fit_center.jpg","https://media.hcdn.vn//hsk/brandmedianswer-logo-400x2001748512434_img_140x70_45e3de_fit_center.jpg","Medianswer","https://hasaki.vn/thuong-hieu/medicube.html","https://media.hcdn.vn//hsk/brandMedicube-image-cover-500-x-500---2861735552430_img_220x220_0dff4c_fit_center.jpg","https://media.hcdn.vn//hsk/brandmedicube-logo-400x2001732265650_img_140x70_45e3de_fit_center.jpg","Medicube","https://hasaki.vn/thuong-hieu/mediheal.html","https://media.hcdn.vn//hsk/brandmediheal-image-cover-500-x-500---2631736437586_img_220x220_0dff4c_fit_center.jpg","https://media.hcdn.vn//hsk/brandmediheal-logo1773372684_img_140x70_45e3de_fit_center.jpg","Mediheal","https://hasaki.vn/thuong-hieu/megrhythm.html","https://media.hcdn.vn//hsk/brandMegRhythm-image-cover-500-x-5001718609206_img_220x220_0dff4c_fit_center.jpg","https://media.hcdn.vn/brand/1568790476meg_img_140x70_45e3de_fit_center.jpg","MegRhythm","https://hasaki.vn/thuong-hieu/mela.html","https://media.hcdn.vn//hsk/brandmela-cover-brand-500x5001710745637_img_220x220_0dff4c_fit_center.jpg","https://media.hcdn.vn//hsk/brandmela-logo-400x2001710731972_img_140x70_45e3de_fit_center.jpg","Mela","https://hasaki.vn/thuong-hieu/melano-cc.html","https://media.hcdn.vn//hsk/brandMelano-CC-image-cover-500-x-5001718609231_img_220x220_0dff4c_fit_center.jpg","https://media.hcdn.vn/brand/1649754768melano-cc_img_140x70_45e3de_fit_center.jpg","Melano CC","https://hasaki.vn/thuong-hieu/menard.html","https://media.hcdn.vn//hsk/brandMenard-cover-brand-500x5001713516409_img_220x220_0dff4c_fit_center.jpg","https://media.hcdn.vn//hsk/brandMenard-logo1736829864_img_140x70_45e3de_fit_center.jpg","Menard","https://hasaki.vn/thuong-hieu/menitems.html","https://media.hcdn.vn//hsk/brandMenitems-image-cover-500-x-500---2871735552455_img_220x220_0dff4c_fit_center.jpg","https://media.hcdn.vn//hsk/brandbrandmenitems-logo1730454904_img_140x70_45e3de_fit_center.jpg","Menitems"
"N","","","","","","","","","","","","","","","","","","","","","","","","","","","","","","","","","","","","","","","","","","","","","","","","","","","","","","","","","","","","","","","","","","","","","","","","","","","",""
"","https://hasaki.vn/thuong-hieu/nam-thanh.html","https://media.hcdn.vn//hsk/brandnam-thanh-image-cover-500-x-500---2951736930403_img_220x220_0dff4c_fit_center.jpg","https://media.hcdn.vn//hsk/brandnam-thanh-inter-logo1736498249_img_140x70_45e3de_fit_center.jpg","Nam Thành","https://hasaki.vn/thuong-hieu/narciso-rodriguez.html","https://media.hcdn.vn//hsk/brandnarciso-rodriguezcover-brand500x5001712043572_img_220x220_0dff4c_fit_center.jpg","https://media.hcdn.vn//hsk/brandnarciso-rodriguez-logo-400x2001711524035_img_140x70_45e3de_fit_center.png","Narciso Rodriguez","https://hasaki.vn/thuong-hieu/naris-cosmetics.html","https://media.hcdn.vn//hsk/brandnariscosmetics-image-cover500x5001773110474_img_220x220_0dff4c_fit_center.jpg","https://media.hcdn.vn//hsk/brandnaris-cosmetics-logo1716963318_img_140x70_45e3de_fit_center.jpg","Naris Cosmetics","https://hasaki.vn/thuong-hieu/naruko.html","https://media.hcdn.vn//hsk/brandnaruko-image-cover-500-x-500---2791736492358_img_220x220_0dff4c_fit_center.jpg","https://media.hcdn.vn/brand/1523503457naruko_img_140x70_45e3de_fit_center.jpg","Naruko","https://hasaki.vn/thuong-hieu/nature-republic.html","https://media.hcdn.vn//hsk/brandnature-republic-image-cover-500x5001716893928_img_220x220_0dff4c_fit_center.jpg","https://media.hcdn.vn/brand/1637225942nature_img_140x70_45e3de_fit_center.jpg","Nature Republic","https://hasaki.vn/thuong-hieu/nature-s-bounty.html","https://media.hcdn.vn/brand/1476257580NATURES-BOUNTY-cover_img_220x220_0dff4c_fit_center.jpg","https://media.hcdn.vn/brand/1476257580naturesbounty-logo_img_140x70_45e3de_fit_center.jpg","Nature's Bounty","https://hasaki.vn/thuong-hieu/neogen.html","https://media.hcdn.vn//hsk/brandNeogen-cover-brand-500x5001726122152_img_220x220_0dff4c_fit_center.jpg","https://media.hcdn.vn//hsk/brandNeogen-Dermalogy-Logo1711962806_img_140x70_45e3de_fit_center.jpg","Neogen Dermalogy","https://hasaki.vn/thuong-hieu/neoskin.html","https://media.hcdn.vn//hsk/brandNeoskin-image-cover-500x5001737454169_img_220x220_0dff4c_fit_center.jpg","https://media.hcdn.vn//hsk/brandneoskin-logo-400x2001727253963_img_140x70_45e3de_fit_center.jpg","Neoskin","https://hasaki.vn/thuong-hieu/neothera.html","https://media.hcdn.vn//hsk/brandNeothera-image-cover-500-x-5001727855506_img_220x220_0dff4c_fit_center.jpg","https://media.hcdn.vn//hsk/brandneothera-logo-400x2001727249031_img_140x70_45e3de_fit_center.jpg","Neothera","https://hasaki.vn/thuong-hieu/nerman.html","https://media.hcdn.vn//hsk/brandNerman-image-cover-500-x-500---2891735552482_img_220x220_0dff4c_fit_center.jpg","https://media.hcdn.vn//hsk/brandNerman-logo1664935872_img_140x70_45e3de_fit_center.jpg","Nerman","https://hasaki.vn/thuong-hieu/neutrogena.html","https://media.hcdn.vn//hsk/brandneutrogenacover1773736915_img_220x220_0dff4c_fit_center.png","https://media.hcdn.vn//hsk/brandneutrogena-logo1773802187_img_140x70_45e3de_fit_center.jpg","Neutrogena","https://hasaki.vn/thuong-hieu/green-mode.html","https://media.hcdn.vn//hsk/brandGreen-mode-cover1695378753_img_220x220_0dff4c_fit_center.jpg","https://media.hcdn.vn//hsk/brandnewface-logo1718267004_img_140x70_45e3de_fit_center.jpg","Newface","https://hasaki.vn/thuong-hieu/nexcare.html","https://media.hcdn.vn/brand/1625538529Nexcare_avt_img_220x220_0dff4c_fit_center.jpg","https://media.hcdn.vn/brand/1625538529Nexcare_img_140x70_45e3de_fit_center.jpg","Nexcare","https://hasaki.vn/thuong-hieu/nguyen-vuong.html","https://hasaki.vn/imgs/product/placeholder.svg","https://media.hcdn.vn//hsk/brandnguyenvuong-logo1773996788_img_140x70_45e3de_fit_center.jpg","Nguyên Vương","https://hasaki.vn/thuong-hieu/nguyen-xuan.html","https://media.hcdn.vn//hsk/brandNguyen-xuan-image-cover-500-x-5001718613265_img_220x220_0dff4c_fit_center.jpg","https://media.hcdn.vn//hsk/brandnguyenxuan-logo1736929411_img_140x70_45e3de_fit_center.jpg","Nguyên Xuân","https://hasaki.vn/thuong-hieu/ngoc-chau.html","https://media.hcdn.vn//hsk/brandngoc-chau-image-cover-500x5001728465478_img_220x220_0dff4c_fit_center.jpg","https://media.hcdn.vn//hsk/brandngocchau-logo1736990158_img_140x70_45e3de_fit_center.jpg","Ngọc Châu","https://hasaki.vn/thuong-hieu/ngoc-thao.html","https://media.hcdn.vn//hsk/brandngoc-thao-image-cover500x5001718000724_img_220x220_0dff4c_fit_center.jpg","https://media.hcdn.vn//hsk/brandngoc-thao-logo-400x2001712049843_img_140x70_45e3de_fit_center.jpg","Ngọc Thảo","https://hasaki.vn/thuong-hieu/nivea.html","https://media.hcdn.vn//hsk/brandNiveaimagecover500x5001712647600_img_220x220_0dff4c_fit_center.jpg","https://media.hcdn.vn//hsk/brandnivea-logo1736929594_img_140x70_45e3de_fit_center.jpg","Nivea","https://hasaki.vn/thuong-hieu/nookoi.html","https://media.hcdn.vn//hsk/brandNookoi-image-cover-500-x-5001720595841_img_220x220_0dff4c_fit_center.jpg","https://media.hcdn.vn//hsk/brandnookoi-logo-400x2001720174736_img_140x70_45e3de_fit_center.jpg","Nookoi"
"O","","","","","","","","","","","","","","","","","","","","","","","","","","","","","","","","","","","","","","","","","","","","","","","","","","","","","","","","","","","","","","","","","","","","","","","","","","","",""
"","https://hasaki.vn/thuong-hieu/ogx.html","https://media.hcdn.vn/brand/1475029721ogx-cover_img_220x220_0dff4c_fit_center.jpg","https://media.hcdn.vn//hsk/brandogx-logo1736930121_img_140x70_45e3de_fit_center.jpg","OGX","https://hasaki.vn/thuong-hieu/oxy.html","https://media.hcdn.vn//hsk/brandOxy-cover-brand-500x500---300520251748577149_img_220x220_0dff4c_fit_center.png","https://media.hcdn.vn//hsk/brandOxy-logo1724061222_img_140x70_45e3de_fit_center.jpg","OXY","https://hasaki.vn/thuong-hieu/obagi.html","https://media.hcdn.vn//hsk/brandobagi-image-cover500x5001747211130_img_220x220_0dff4c_fit_center.jpg","https://media.hcdn.vn//hsk/brandobagi-logo1736930217_img_140x70_45e3de_fit_center.jpg","Obagi","https://hasaki.vn/thuong-hieu/okamura.html","https://media.hcdn.vn//hsk/brandOkamura-image-cover-500x5001717477319_img_220x220_0dff4c_fit_center.jpg","https://media.hcdn.vn//hsk/brandokamura-logo-400x2001714705939_img_140x70_45e3de_fit_center.jpg","Okamura","https://hasaki.vn/thuong-hieu/olay.html","https://media.hcdn.vn//hsk/brandolay-image-cover-500-x-500---2651736437617_img_220x220_0dff4c_fit_center.jpg","https://media.hcdn.vn//hsk/brandolay-logo-400x2001756190905_img_140x70_45e3de_fit_center.jpg","Olay","https://hasaki.vn/thuong-hieu/old-spice.html","https://media.hcdn.vn//hsk/brandold-spice-image-cover-500-x-5001723453961_img_220x220_0dff4c_fit_center.jpg","https://media.hcdn.vn//hsk/brandOld-spice-logo1723524688_img_140x70_45e3de_fit_center.jpg","Old Spice","https://hasaki.vn/thuong-hieu/on-the-body.html","https://media.hcdn.vn//hsk/brandOn-the-body-image-cover-500-x-5001719204300_img_220x220_0dff4c_fit_center.jpg","https://media.hcdn.vn//hsk/brandon-the-body-logo1667528151_img_140x70_45e3de_fit_center.jpg","On: The Body","https://hasaki.vn/thuong-hieu/oral-b.html","https://media.hcdn.vn//hsk/brandOral-B-image-cover-500-x-500---2351735293836_img_220x220_0dff4c_fit_center.jpg","https://media.hcdn.vn//hsk/brandOralb-logo1736930542_img_140x70_45e3de_fit_center.jpg","Oral-B","https://hasaki.vn/thuong-hieu/organist.html","https://media.hcdn.vn//hsk/brandorganist-image-cover-500-x-500---2671736437699_img_220x220_0dff4c_fit_center.jpg","https://media.hcdn.vn//hsk/brandOrganist-logo1669194536_img_140x70_45e3de_fit_center.jpg","Organist","https://hasaki.vn/thuong-hieu/orihiro.html","https://media.hcdn.vn//hsk/brandorihiro-image-cover-500-x-500---2801736492383_img_220x220_0dff4c_fit_center.jpg","https://media.hcdn.vn//hsk/brandOrihiro-logo1736930656_img_140x70_45e3de_fit_center.jpg","Orihiro","https://hasaki.vn/thuong-hieu/out-of-office.html","https://hasaki.vn/imgs/product/placeholder.svg","https://media.hcdn.vn//hsk/brandoutofoffice-logo1770691762_img_140x70_45e3de_fit_center.jpg","Out Of Office","https://hasaki.vn/thuong-hieu/ovan.html","https://media.hcdn.vn//hsk/brand22-Ovan1695032467_img_220x220_0dff4c_fit_center.jpg","https://media.hcdn.vn//hsk/brandOvan-logo1693389635_img_140x70_45e3de_fit_center.jpg","Ovan","https://hasaki.vn/thuong-hieu/oh-oh.html","https://media.hcdn.vn//hsk/brandohoh-image-cover-500x5001716179938_img_220x220_0dff4c_fit_center.jpg","https://media.hcdn.vn/brand/1657795374oh_img_140x70_45e3de_fit_center.jpg","oh!oh!","https://hasaki.vn/thuong-hieu/ola.html","https://media.hcdn.vn//hsk/brandola-image-cover-500-x-5001719204341_img_220x220_0dff4c_fit_center.jpg","https://media.hcdn.vn/brand/1547718183ola_img_140x70_45e3de_fit_center.jpg","ola","","","","","","","","","","","","","","","","","","","",""
"P","","","","","","","","","","","","","","","","","","","","","","","","","","","","","","","","","","","","","","","","","","","","","","","","","","","","","","","","","","","","","","","","","","","","","","","","","","","",""
"","https://hasaki.vn/thuong-hieu/p-g.html","https://media.hcdn.vn/hsk/brand/PG-Image-Cover1660037234_img_220x220_0dff4c_fit_center.jpg","https://media.hcdn.vn//hsk/brandpg-nhap-khau-logo1715854625_img_140x70_45e3de_fit_center.jpg","P&G Nhập Khẩu","https://hasaki.vn/thuong-hieu/p-g-noi-dia.html","https://media.hcdn.vn//hsk/brandpg-noi-dia-cover1680514798_img_220x220_0dff4c_fit_center.jpg","https://media.hcdn.vn//hsk/brand1625111712pg1664855181_img_140x70_45e3de_fit_center.jpg","P&G Nội Địa","https://hasaki.vn/thuong-hieu/p-s.html","https://media.hcdn.vn//hsk/brandPS-image-cover-500x5001717477545_img_220x220_0dff4c_fit_center.jpg","https://media.hcdn.vn//hsk/brandbrandps-logo1729136259_img_140x70_45e3de_fit_center.jpg","P/S","https://hasaki.vn/thuong-hieu/paco-rabanne.html","https://media.hcdn.vn//hsk/brandPaco-Rabanne1685413144_img_220x220_0dff4c_fit_center.jpg","https://media.hcdn.vn//hsk/brandPacorabanne-logo1736930948_img_140x70_45e3de_fit_center.jpg","Paco Rabanne","https://hasaki.vn/thuong-hieu/palmolive.html","https://media.hcdn.vn//hsk/brandPalmolive-image-cover-500-x-5001719204510_img_220x220_0dff4c_fit_center.jpg","https://media.hcdn.vn//hsk/brandPalmolive-logo1719204650_img_140x70_45e3de_fit_center.jpg","Palmolive","https://hasaki.vn/thuong-hieu/panier-des-sens.html","https://media.hcdn.vn//hsk/brandpanier-des-sens-image-cover500x5001747277402_img_220x220_0dff4c_fit_center.jpg","https://media.hcdn.vn//hsk/brandpanierdessens-logo1744349838_img_140x70_45e3de_fit_center.jpg","Panier Des Sens","https://hasaki.vn/thuong-hieu/pantene.html","https://media.hcdn.vn//hsk/brandpantene-image-cover-500-x-5001723453967_img_220x220_0dff4c_fit_center.jpg","https://media.hcdn.vn//hsk/brandPantene-logo1723524700_img_140x70_45e3de_fit_center.jpg","Pantene","https://hasaki.vn/thuong-hieu/paula-s-choice.html","https://media.hcdn.vn/hsk/brand/paula-s-choice-cover-500x5001660186186_img_220x220_0dff4c_fit_center.jpg","https://media.hcdn.vn/brand/1625110976paulas-choice_img_140x70_45e3de_fit_center.jpg","Paula's Choice","https://hasaki.vn/thuong-hieu/pekah.html","https://media.hcdn.vn//hsk/brandPekah-image-cover-500-x-5001719204719_img_220x220_0dff4c_fit_center.jpg","https://media.hcdn.vn/brand/1658997613pekah_img_140x70_45e3de_fit_center.jpg","Pekah","https://hasaki.vn/thuong-hieu/pelican.html","https://media.hcdn.vn//hsk/brandPelican-image-cover-500-x-5001719204888_img_220x220_0dff4c_fit_center.jpg","https://media.hcdn.vn//hsk/brandPelican-logo1693293083_img_140x70_45e3de_fit_center.jpg","Pelican","https://hasaki.vn/thuong-hieu/perfect-diary.html","https://media.hcdn.vn//hsk/brandperfect-diary-image-cover-500x5001728465520_img_220x220_0dff4c_fit_center.jpg","https://media.hcdn.vn//hsk/brandPerfectdiary-logo1736931049_img_140x70_45e3de_fit_center.jpg","Perfect Diary","https://hasaki.vn/thuong-hieu/perioe.html","https://media.hcdn.vn//hsk/brandPerioe-image-cover-500-x-500---2301735293547_img_220x220_0dff4c_fit_center.jpg","https://media.hcdn.vn//hsk/brandPerioe-logo1687770611_img_140x70_45e3de_fit_center.jpg","Perioe","https://hasaki.vn/thuong-hieu/perspi-guard.html","https://media.hcdn.vn/brand/1619150588Perspi-Guardcv_img_220x220_0dff4c_fit_center.jpg","https://media.hcdn.vn/brand/1619150588Perspi-Guard_img_140x70_45e3de_fit_center.jpg","Perspi-Guard","https://hasaki.vn/thuong-hieu/perspirex.html","https://media.hcdn.vn/brand/1574760063perspirex-c_img_220x220_0dff4c_fit_center.jpg","https://media.hcdn.vn/brand/1574760063perspirex_img_140x70_45e3de_fit_center.jpg","Perspirex","https://hasaki.vn/thuong-hieu/pharmekal.html","https://media.hcdn.vn//hsk/brandPharmekal-image-cover-500-x-5001719204994_img_220x220_0dff4c_fit_center.jpg","https://media.hcdn.vn/brand/1475492839pharmekal-logo_img_140x70_45e3de_fit_center.jpg","Pharmekal","https://hasaki.vn/thuong-hieu/phat-viet.html","https://media.hcdn.vn//hsk/brandphat-viet-image-cover500x5001763368368_img_220x220_0dff4c_fit_center.jpg","https://media.hcdn.vn//hsk/brandphat-viet-logo-400x2001761882699_img_140x70_45e3de_fit_center.jpg","Phát Việt","https://hasaki.vn/thuong-hieu/phuong-phat.html","https://media.hcdn.vn//hsk/brandphuong-phat-image-cover500x5001753258768_img_220x220_0dff4c_fit_center.jpg","https://media.hcdn.vn//hsk/brandPhuong-phat-logo-1750734880_img_140x70_45e3de_fit_center.jpg","Phương Phát","https://hasaki.vn/thuong-hieu/pierre-fabre.html","https://media.hcdn.vn//hsk/brandPierre-Fabre-image-cover-500x5001712571969_img_220x220_0dff4c_fit_center.jpg","https://media.hcdn.vn//hsk/brandPierre-Fabre-logo1706672521_img_140x70_45e3de_fit_center.jpg","Pierre Fabre","https://hasaki.vn/thuong-hieu/pigeon.html","https://media.hcdn.vn/brand/1515549630piegon-cover_img_220x220_0dff4c_fit_center.jpg","https://media.hcdn.vn/brand/1515549630piegon_img_140x70_45e3de_fit_center.jpg","Pigeon"
"R","","","","","","","","","","","","","","","","","","","","","","","","","","","","","","","","","","","","","","","","","","","","","","","","","","","","","","","","","","","","","","","","","","","","","","","","","","","",""
"","https://hasaki.vn/thuong-hieu/rainbow-cosmetic.html","https://media.hcdn.vn//hsk/brandRainbow-Cosmetic1695629813_img_220x220_0dff4c_fit_center.jpg","https://media.hcdn.vn//hsk/brandRainbow-Cosmetic-logo1695881850_img_140x70_45e3de_fit_center.jpg","Rainbow Cosmetic","https://hasaki.vn/thuong-hieu/rainbow-l-affair.html","https://media.hcdn.vn//hsk/brandrainbow-l-affair-image-cover-500-x-5001719205151_img_220x220_0dff4c_fit_center.jpg","https://media.hcdn.vn/brand/1506583523RAINBOW_img_140x70_45e3de_fit_center.jpg","Rainbow L’affair","https://hasaki.vn/thuong-hieu/raip.html","https://media.hcdn.vn//hsk/brandRaip-cover1667626071_img_220x220_0dff4c_fit_center.jpg","https://media.hcdn.vn//hsk/brandRAIP-logo1667625756_img_140x70_45e3de_fit_center.jpg","Raip","https://hasaki.vn/thuong-hieu/real-techniques.html","https://media.hcdn.vn/hsk/brand/24478094513306103874021871163870385496872764n1635222210_img_220x220_0dff4c_fit_center.jpg","https://media.hcdn.vn/hsk/brand/400-x-200real-techniques1635222210_img_140x70_45e3de_fit_center.jpg","Real Techniques","https://hasaki.vn/thuong-hieu/reen.html","https://media.hcdn.vn//hsk/brandReen-image-cover-500-x-5001719206025_img_220x220_0dff4c_fit_center.jpg","https://media.hcdn.vn/brand/1647939658reen_img_140x70_45e3de_fit_center.jpg","Reen","https://hasaki.vn/thuong-hieu/refre.html","https://media.hcdn.vn//hsk/brandRefre-cover-brand-500x500---110620251749617259_img_220x220_0dff4c_fit_center.jpg","https://media.hcdn.vn//hsk/brandrefre-logo1688974189_img_140x70_45e3de_fit_center.jpg","Refre","https://hasaki.vn/thuong-hieu/rejoice.html","https://media.hcdn.vn//hsk/brandRejoice-image-cover-500-x-5001719632299_img_220x220_0dff4c_fit_center.jpg","https://media.hcdn.vn/brand/1573036254rejoice_img_140x70_45e3de_fit_center.jpg","Rejoice","https://hasaki.vn/thuong-hieu/remos.html","https://media.hcdn.vn//hsk/brandRemos-image-cover-500-x-5001719632318_img_220x220_0dff4c_fit_center.jpg","https://media.hcdn.vn/brand/1539575011remos_img_140x70_45e3de_fit_center.jpg","Remos","https://hasaki.vn/thuong-hieu/rexona.html","https://media.hcdn.vn/brand/1642666079rexona-cover_img_220x220_0dff4c_fit_center.jpg","https://media.hcdn.vn/brand/1642666339rexona_img_140x70_45e3de_fit_center.jpg","Rexona","https://hasaki.vn/thuong-hieu/rohto.html","https://media.hcdn.vn//hsk/brandSKAKV1x11681208346_img_220x220_0dff4c_fit_center.jpg","https://media.hcdn.vn//hsk/brandrohto-logo1759293761_img_140x70_45e3de_fit_center.jpg","Rohto","https://hasaki.vn/thuong-hieu/romano.html","https://media.hcdn.vn//hsk/brandRomano-image-cover-500-x-5001719634384_img_220x220_0dff4c_fit_center.jpg","https://media.hcdn.vn//hsk/brandROMANO-logo1682050699_img_140x70_45e3de_fit_center.jpg","Romano","https://hasaki.vn/thuong-hieu/rosette.html","https://media.hcdn.vn//hsk/brandRosette-CoverBrand-500x500px1725014216_img_220x220_0dff4c_fit_center.jpg","https://media.hcdn.vn//hsk/brandRosette-logo1725014318_img_140x70_45e3de_fit_center.jpg","Rosette","https://hasaki.vn/thuong-hieu/round-lab.html","https://media.hcdn.vn//hsk/brandround-lab-image-cover500x5001761803367_img_220x220_0dff4c_fit_center.jpg","https://media.hcdn.vn//hsk/brandbrandroundlab-logo1759304621_img_140x70_45e3de_fit_center.jpg","Round Lab","https://hasaki.vn/thuong-hieu/royal-london.html","https://media.hcdn.vn//hsk/brandroyal-london-cover-brand-500x500---160920251758018248_img_220x220_0dff4c_fit_center.png","https://media.hcdn.vn//hsk/brandRoyal-london-logo1758018419_img_140x70_45e3de_fit_center.jpg","Royal London","https://hasaki.vn/thuong-hieu/rutop-viet-nam.html","https://media.hcdn.vn//hsk/brandRutop-viet-nam-image-cover-500-x-500---2941736930395_img_220x220_0dff4c_fit_center.jpg","https://media.hcdn.vn//hsk/brandRutop-viet-nam-logo1736484893_img_140x70_45e3de_fit_center.jpg","Rutop Việt Nam","","","","","","","","","","","","","","","",""
"S","","","","","","","","","","","","","","","","","","","","","","","","","","","","","","","","","","","","","","","","","","","","","","","","","","","","","","","","","","","","","","","","","","","","","","","","","","","",""
"","https://hasaki.vn/thuong-hieu/s-o-n.html","https://media.hcdn.vn//hsk/brand500x5001666672882_img_220x220_0dff4c_fit_center.png","https://media.hcdn.vn//hsk/brandS-O-N1664869758_img_140x70_45e3de_fit_center.jpg","S.O.N","https://hasaki.vn/thuong-hieu/skin-heritage.html","https://media.hcdn.vn//hsk/brandskin-heritage-cover-brand-500x500---230420251745395405_img_220x220_0dff4c_fit_center.jpg","https://media.hcdn.vn//hsk/brandskinheritage-logo1744878872_img_140x70_45e3de_fit_center.jpg","S:kin Heritage","https://hasaki.vn/thuong-hieu/sbeauty.html","https://media.hcdn.vn//hsk/brandSBeauty-image-cover-brand-500-x-500---2231734071341_img_220x220_0dff4c_fit_center.jpg","https://media.hcdn.vn/brand/1653640809SBEAUTY_img_140x70_45e3de_fit_center.jpg","SBeauty","https://hasaki.vn/thuong-hieu/svr.html","https://media.hcdn.vn//hsk/brandSVR-image-cover-500x5001728535467_img_220x220_0dff4c_fit_center.jpg","https://media.hcdn.vn/hsk/brand/SVR400x2001621913807_img_140x70_45e3de_fit_center.jpg","SVR","https://hasaki.vn/thuong-hieu/sachi.html","https://media.hcdn.vn//hsk/brandsachi-image-cover500x5001718000985_img_220x220_0dff4c_fit_center.jpg","https://media.hcdn.vn//hsk/brandsachi-logo-400x2001711705437_img_140x70_45e3de_fit_center.jpg","Sachi","https://hasaki.vn/thuong-hieu/safeguard.html","https://hasaki.vn/imgs/product/placeholder.svg","https://media.hcdn.vn//hsk/brandsafeguard-logo1769493517_img_140x70_45e3de_fit_center.jpg","Safeguard","https://hasaki.vn/thuong-hieu/sagami.html","https://media.hcdn.vn//hsk/brandSagami-image-cover-brand-500-x-500---2241734071248_img_220x220_0dff4c_fit_center.jpg","https://media.hcdn.vn//hsk/brandSagami-logo1678090281_img_140x70_45e3de_fit_center.jpg","Sagami","https://hasaki.vn/thuong-hieu/sagen-group.html","https://media.hcdn.vn//hsk/brandSagen-Group1695629863_img_220x220_0dff4c_fit_center.jpg","https://media.hcdn.vn//hsk/brandsagen-group-logo1693388269_img_140x70_45e3de_fit_center.jpg","Sagen Group","https://hasaki.vn/thuong-hieu/salon-link.html","https://hasaki.vn/imgs/product/placeholder.svg","https://media.hcdn.vn//hsk/brandbrandsalonlink-logo1768295552_img_140x70_45e3de_fit_center.jpg","Salon Link","https://hasaki.vn/thuong-hieu/salvatore-ferragamo.html","https://media.hcdn.vn/brand/1508840477Salvatore-Ferragamo-cover_img_220x220_0dff4c_fit_center.jpg","https://media.hcdn.vn/brand/1508840477Salvatore-Ferragamo_img_140x70_45e3de_fit_center.jpg","Salvatore Ferragamo","https://hasaki.vn/thuong-hieu/scarz.html","https://media.hcdn.vn/brand/1659347268scar2_img_220x220_0dff4c_fit_center.jpg","https://media.hcdn.vn/brand/1659347268scar_img_140x70_45e3de_fit_center.jpg","Scarz","https://hasaki.vn/thuong-hieu/secret.html","https://media.hcdn.vn//hsk/brandsecret-image-cover-500-x-5001723453973_img_220x220_0dff4c_fit_center.jpg","https://media.hcdn.vn//hsk/brandSecret-logo-brand1723523365_img_140x70_45e3de_fit_center.jpg","Secret","https://hasaki.vn/thuong-hieu/secret-key.html","https://media.hcdn.vn//hsk/brandSecret-key-cover-brand-500-x-5001710824442_img_220x220_0dff4c_fit_center.jpg","https://media.hcdn.vn//hsk/brandSecret-key-logo-400-x-2001710822811_img_140x70_45e3de_fit_center.jpg","Secret Key","https://hasaki.vn/thuong-hieu/selsun.html","https://media.hcdn.vn//hsk/brandSelsun-image-cover-500x5001716894107_img_220x220_0dff4c_fit_center.jpg","https://media.hcdn.vn/hsk/brand/logo-selsun1634723644_img_140x70_45e3de_fit_center.jpg","Selsun","https://hasaki.vn/thuong-hieu/senka.html","https://media.hcdn.vn//hsk/brandSenka-cover-brand-500x500---060520251746527423_img_220x220_0dff4c_fit_center.jpg","https://media.hcdn.vn//hsk/brandSenka-logo1690283033_img_140x70_45e3de_fit_center.jpg","Senka","https://hasaki.vn/thuong-hieu/sensodyne.html","https://media.hcdn.vn//hsk/brandSensodyne-image-cover-500-x-5001719634403_img_220x220_0dff4c_fit_center.jpg","https://media.hcdn.vn//hsk/brandsensodyne-logo1682582998_img_140x70_45e3de_fit_center.jpg","Sensodyne","https://hasaki.vn/thuong-hieu/sexylook.html","https://media.hcdn.vn//hsk/brandSexylook-image-cover-500-x-5001719634419_img_220x220_0dff4c_fit_center.jpg","https://media.hcdn.vn/brand/1522142168sexylook_img_140x70_45e3de_fit_center.jpg","Sexylook","https://hasaki.vn/thuong-hieu/shimbi.html","https://media.hcdn.vn//hsk/brandshimbi-image-cover500x5001750664659_img_220x220_0dff4c_fit_center.jpg","https://media.hcdn.vn//hsk/brandshimbi-logo1749610094_img_140x70_45e3de_fit_center.jpg","Shimbi","https://hasaki.vn/thuong-hieu/shiseido.html","https://media.hcdn.vn//hsk/brandShiseido-image-cover1696583168_img_220x220_0dff4c_fit_center.jpg","https://media.hcdn.vn/brand/1476150834shiseido-logo_img_140x70_45e3de_fit_center.jpg","Shiseido"
"T","","","","","","","","","","","","","","","","","","","","","","","","","","","","","","","","","","","","","","","","","","","","","","","","","","","","","","","","","","","","","","","","","","","","","","","","","","","",""
"","https://hasaki.vn/thuong-hieu/t-cell.html","https://media.hcdn.vn//hsk/brandhasakitcellimagecover1700030363_img_220x220_0dff4c_fit_center.jpg","https://media.hcdn.vn//hsk/brandt-cell-logo1699860363_img_140x70_45e3de_fit_center.jpg","T-Cell","https://hasaki.vn/thuong-hieu/tag-touch-a-gleam.html","https://hasaki.vn/imgs/product/placeholder.svg","https://media.hcdn.vn//hsk/brandtag-logo1773115816_img_140x70_45e3de_fit_center.jpg","TAG","https://hasaki.vn/thuong-hieu/tdic.html","https://media.hcdn.vn//hsk/brandTDIC1695630020_img_220x220_0dff4c_fit_center.jpg","https://media.hcdn.vn//hsk/brandTDIC-logo1693299115_img_140x70_45e3de_fit_center.jpg","TDIC","https://hasaki.vn/thuong-hieu/tia-m.html","https://media.hcdn.vn//hsk/brandTia-m-image-cover-500-x-5001719819766_img_220x220_0dff4c_fit_center.jpg","https://media.hcdn.vn/brand/15583439858_img_140x70_45e3de_fit_center.jpg","TIA'M","https://hasaki.vn/thuong-hieu/tresemme.html","https://media.hcdn.vn//hsk/brandTRESemme-cover-image-500-x-5001720598828_img_220x220_0dff4c_fit_center.jpg","https://media.hcdn.vn//hsk/brandTRESemm-logo1683276527_img_140x70_45e3de_fit_center.jpg","TRESemmé","https://hasaki.vn/thuong-hieu/teenilicious.html","https://media.hcdn.vn//hsk/brandTeenilicious-cover-brand-500x5001769152347_img_220x220_0dff4c_fit_center.png","https://media.hcdn.vn//hsk/brandteenilicious-logo-400x2001768527696_img_140x70_45e3de_fit_center.jpg","Teenilicious","https://hasaki.vn/thuong-hieu/tempo.html","https://hasaki.vn/imgs/product/placeholder.svg","https://media.hcdn.vn//hsk/brandtempo-logo-400x2001763346434_img_140x70_45e3de_fit_center.jpg","Tempo","https://hasaki.vn/thuong-hieu/tenamyd.html","https://media.hcdn.vn//hsk/brandTenamyd-image-cover-500-x-500---2521735877873_img_220x220_0dff4c_fit_center.jpg","https://media.hcdn.vn//hsk/brandTenamyd-Cosmetic1695290199_img_140x70_45e3de_fit_center.jpg","Tenamyd","https://hasaki.vn/thuong-hieu/tesori-d-oriente.html","https://media.hcdn.vn//hsk/brandtesori-d-oriente-cover-brand-500x5001768198217_img_220x220_0dff4c_fit_center.jpg","https://media.hcdn.vn//hsk/brandtesori-d-oriente-logo1768198217_img_140x70_45e3de_fit_center.jpg","Tesori d'Oriente","https://hasaki.vn/thuong-hieu/the-cafune.html","https://media.hcdn.vn//hsk/brand11702276655_img_220x220_0dff4c_fit_center.jpg","https://media.hcdn.vn//hsk/brand11702520365_img_140x70_45e3de_fit_center.jpg","The Cafuné","https://hasaki.vn/thuong-hieu/the-lab.html","https://media.hcdn.vn//hsk/brandThe-lab-500x500---311220241735634342_img_220x220_0dff4c_fit_center.jpg","https://media.hcdn.vn//hsk/brandbrandthelab-logo1729500609_img_140x70_45e3de_fit_center.jpg","The Lab","https://hasaki.vn/thuong-hieu/the-saem.html","https://media.hcdn.vn//hsk/brandthe-saem-cover-brand-500x500---220520251747895074_img_220x220_0dff4c_fit_center.png","https://media.hcdn.vn//hsk/brandthe-saem-logo1747895074_img_140x70_45e3de_fit_center.jpg","The SAEM","https://hasaki.vn/thuong-hieu/thang-long.html","https://media.hcdn.vn//hsk/brandthang-long--image-cover500x5001753258514_img_220x220_0dff4c_fit_center.jpg","https://media.hcdn.vn//hsk/brandthang-long-logo1750665816_img_140x70_45e3de_fit_center.jpg","Thăng Long","https://hasaki.vn/thuong-hieu/timeless.html","https://media.hcdn.vn//hsk/brandTimelesscoverbrand500-x-5001710567325_img_220x220_0dff4c_fit_center.jpg","https://media.hcdn.vn//hsk/brandtimeless-logo1710491748_img_140x70_45e3de_fit_center.jpg","Timeless","https://hasaki.vn/thuong-hieu/tommy.html","https://media.hcdn.vn/brand/1472523836tommy-cover_img_220x220_0dff4c_fit_center.jpg","https://media.hcdn.vn//hsk/brandTommyhilfiger-logo1737528647_img_140x70_45e3de_fit_center.jpg","Tommy Hilfiger","https://hasaki.vn/thuong-hieu/too-cool-for-school.html","https://media.hcdn.vn//hsk/brandToo-cool-for-school-image-cover-500-x-5001719819963_img_220x220_0dff4c_fit_center.jpg","https://media.hcdn.vn/brand/1479713599too-cool-for-school-logo_img_140x70_45e3de_fit_center.jpg","Too cool for school","https://hasaki.vn/thuong-hieu/torriden.html","https://media.hcdn.vn//hsk/brandTorriden-image-cover-500-x-5001719820005_img_220x220_0dff4c_fit_center.jpg","https://media.hcdn.vn//hsk/brandTorriden-logo1737528815_img_140x70_45e3de_fit_center.jpg","Torriden","https://hasaki.vn/thuong-hieu/tree-hut.html","https://media.hcdn.vn//hsk/brandTree-hut-image-cover-500-x-5001719820047_img_220x220_0dff4c_fit_center.jpg","https://media.hcdn.vn/brand/1577156648tree-hut-co_img_140x70_45e3de_fit_center.jpg","Tree Hut","https://hasaki.vn/thuong-hieu/tsubaki.html","https://media.hcdn.vn//hsk/brandtsubaki-image-cover-500x5001716178869_img_220x220_0dff4c_fit_center.jpg","https://media.hcdn.vn/brand/1547717808tsubaki_img_140x70_45e3de_fit_center.jpg","Tsubaki"
"U","","","","","","","","","","","","","","","","","","","","","","","","","","","","","","","","","","","","","","","","","","","","","","","","","","","","","","","","","","","","","","","","","","","","","","","","","","","",""
"","https://hasaki.vn/thuong-hieu/unicharm-3d-mask.html","https://media.hcdn.vn//hsk/brandUnicharm-3D-Mask-cover1680234518_img_220x220_0dff4c_fit_center.jpg","https://media.hcdn.vn//hsk/brandUnicharm-3D-Mask-logo1680234322_img_140x70_45e3de_fit_center.jpg","Unicharm 3D Mask","https://hasaki.vn/thuong-hieu/unilever.html","https://media.hcdn.vn//hsk/brandunilever-cover1680318116_img_220x220_0dff4c_fit_center.jpg","https://media.hcdn.vn/brand/1593166962uni_img_140x70_45e3de_fit_center.jpg","Unilever","https://hasaki.vn/thuong-hieu/unison.html","https://media.hcdn.vn//hsk/brandUnison-image-cover-500-x-500---2931736936116_img_220x220_0dff4c_fit_center.jpg","https://media.hcdn.vn//hsk/brandUnison-logo1735632744_img_140x70_45e3de_fit_center.jpg","Unison","https://hasaki.vn/thuong-hieu/urgo.html","https://media.hcdn.vn//hsk/brandUrgo-cover-brand-500x500---220420251745309323_img_220x220_0dff4c_fit_center.jpg","https://media.hcdn.vn//hsk/brandurgo-logo-400x2001744611750_img_140x70_45e3de_fit_center.jpg","Urgo","https://hasaki.vn/thuong-hieu/uriage.html","https://media.hcdn.vn//hsk/brand21690878172_img_220x220_0dff4c_fit_center.jpg","https://media.hcdn.vn//hsk/branduriage-logo1690876391_img_140x70_45e3de_fit_center.jpg","Uriage","","","","","","","","","","","","","","","","","","","","","","","","","","","","","","","","","","","","","","","","","","","","","","","","","","","","","","","",""
"V","","","","","","","","","","","","","","","","","","","","","","","","","","","","","","","","","","","","","","","","","","","","","","","","","","","","","","","","","","","","","","","","","","","","","","","","","","","",""
"","https://hasaki.vn/thuong-hieu/v-rohto.html","https://media.hcdn.vn//hsk/brandV-Rohto-image-cover-500-x-5001719634773_img_220x220_0dff4c_fit_center.jpg","https://media.hcdn.vn//hsk/brandVRohto-logo1668586459_img_140x70_45e3de_fit_center.jpg","V.Rohto","https://hasaki.vn/thuong-hieu/vt-cosmetics.html","https://media.hcdn.vn//hsk/brandvt-cosmetics-image-cover500x5001753262293_img_220x220_0dff4c_fit_center.jpg","https://media.hcdn.vn//hsk/brandvtcosmetics-logo1750739254_img_140x70_45e3de_fit_center.jpg","VT Cosmetics","https://hasaki.vn/thuong-hieu/vacosi.html","https://media.hcdn.vn/brand/1473393426vacosi-cover_img_220x220_0dff4c_fit_center.jpg","https://media.hcdn.vn//hsk/brandvacosi-logo1675234722_img_140x70_45e3de_fit_center.jpg","Vacosi","https://hasaki.vn/thuong-hieu/vaseline.html","https://media.hcdn.vn//hsk/brandvaseline-image-cover500x5001773110561_img_220x220_0dff4c_fit_center.jpg","https://media.hcdn.vn//hsk/brandbrandvaseline-logo1702365539-test-beta1749699948_img_140x70_45e3de_fit_center.jpg","Vaseline","https://hasaki.vn/thuong-hieu/veet.html","https://media.hcdn.vn//hsk/brandVeet-image-cover-500-x-5001719634812_img_220x220_0dff4c_fit_center.jpg","https://media.hcdn.vn/brand/1636337905logo-brand-guidline_img_140x70_45e3de_fit_center.jpg","Veet","https://hasaki.vn/thuong-hieu/venus.html","https://media.hcdn.vn//hsk/brandVenus1695630352_img_220x220_0dff4c_fit_center.jpg","https://media.hcdn.vn//hsk/brandVenus-logo1693303495_img_140x70_45e3de_fit_center.jpg","Venus","https://hasaki.vn/thuong-hieu/versace.html","https://media.hcdn.vn//hsk/brandVersace-image-cover-500-x-5001719634830_img_220x220_0dff4c_fit_center.jpg","https://media.hcdn.vn//hsk/brandVersace-logo-brand1721717456_img_140x70_45e3de_fit_center.jpg","Versace","https://hasaki.vn/thuong-hieu/vichy.html","https://media.hcdn.vn//hsk/brandvichy-image-cover500x5001773110590_img_220x220_0dff4c_fit_center.jpg","https://media.hcdn.vn//hsk/brandvichy-logo1755662561_img_140x70_45e3de_fit_center.jpg","Vichy","https://hasaki.vn/thuong-hieu/viet-nu.html","https://media.hcdn.vn//hsk/brandViet-Nu1695630474_img_220x220_0dff4c_fit_center.jpg","https://media.hcdn.vn//hsk/brandViet-nu1693203952_img_140x70_45e3de_fit_center.jpg","Việt Nữ","https://hasaki.vn/thuong-hieu/van-duy-phuong.html","https://media.hcdn.vn//hsk/brandVan-Duy-Phuong1695630257_img_220x220_0dff4c_fit_center.jpg","https://media.hcdn.vn//hsk/brandvanduyphuong-logo1693298036_img_140x70_45e3de_fit_center.jpg","Văn Duy Phương","","","","","","","","","","","","","","","","","","","","","","","","","","","","","","","","","","","",""
"W","","","","","","","","","","","","","","","","","","","","","","","","","","","","","","","","","","","","","","","","","","","","","","","","","","","","","","","","","","","","","","","","","","","","","","","","","","","",""
"","https://hasaki.vn/thuong-hieu/weilaiya.html","https://media.hcdn.vn//hsk/brandWeilaiya-cover-brand-500x500---310320251743417821_img_220x220_0dff4c_fit_center.jpg","https://media.hcdn.vn//hsk/brandweilaiya-logo-400x2001741573146_img_140x70_45e3de_fit_center.jpg","Weilaiya","https://hasaki.vn/thuong-hieu/welcos.html","https://media.hcdn.vn//hsk/brandWelcos-image-cover-brand-500-x-500---2171733303242_img_220x220_0dff4c_fit_center.jpg","https://media.hcdn.vn//hsk/brandWelcos-logo1737530256_img_140x70_45e3de_fit_center.jpg","Welcos","https://hasaki.vn/thuong-hieu/whisper.html","https://media.hcdn.vn//hsk/brandWhisper-image-cover-500-x-5001719634956_img_220x220_0dff4c_fit_center.jpg","https://media.hcdn.vn/brand/1573035967wishper-logo_img_140x70_45e3de_fit_center.jpg","Whisper","https://hasaki.vn/thuong-hieu/white-conc.html","https://media.hcdn.vn/brand/1563439084c3_img_220x220_0dff4c_fit_center.jpg","https://media.hcdn.vn/brand/1563439084c2_img_140x70_45e3de_fit_center.jpg","White Conc","https://hasaki.vn/thuong-hieu/wipro.html","https://media.hcdn.vn//hsk/brandWipro1695701592_img_220x220_0dff4c_fit_center.jpg","https://media.hcdn.vn//hsk/brandwipro-logo1695628180_img_140x70_45e3de_fit_center.jpg","Wipro","https://hasaki.vn/thuong-hieu/loli-the-wolf.html","https://media.hcdn.vn//hsk/brandwolf-on-image-cover-500x5001731915555_img_220x220_0dff4c_fit_center.jpg","https://media.hcdn.vn//hsk/brandwolfon-logo-400x2001722567214_img_140x70_45e3de_fit_center.jpg","Wolf On","https://hasaki.vn/thuong-hieu/wonjin.html","https://media.hcdn.vn//hsk/brandWonjin-cover-brand-500x5001726123016_img_220x220_0dff4c_fit_center.jpg","https://media.hcdn.vn//hsk/brandWonjin-logo1725425420_img_140x70_45e3de_fit_center.jpg","WonJin","","","","","","","","","","","","","","","","","","","","","","","","","","","","","","","","","","","","","","","","","","","","","","","",""
"X","","","","","","","","","","","","","","","","","","","","","","","","","","","","","","","","","","","","","","","","","","","","","","","","","","","","","","","","","","","","","","","","","","","","","","","","","","","",""
"","https://hasaki.vn/thuong-hieu/x-men.html","https://media.hcdn.vn//hsk/brandX-men-image-cover-500-x-5001719203867_img_220x220_0dff4c_fit_center.jpg","https://media.hcdn.vn/brand/1658891498xmen_img_140x70_45e3de_fit_center.jpg","X-Men","https://hasaki.vn/thuong-hieu/x-men-for-boss.html","https://media.hcdn.vn//hsk/brandx-men-for-boss-image-cover-brand-500-x-500---17711732529439_img_220x220_0dff4c_fit_center.jpg","https://media.hcdn.vn/brand/1658891916xmn_img_140x70_45e3de_fit_center.jpg","X-Men For Boss","","","","","","","","","","","","","","","","","","","","","","","","","","","","","","","","","","","","","","","","","","","","","","","","","","","","","","","","","","","","","","","","","","","",""
"Y","","","","","","","","","","","","","","","","","","","","","","","","","","","","","","","","","","","","","","","","","","","","","","","","","","","","","","","","","","","","","","","","","","","","","","","","","","","",""
"","https://hasaki.vn/thuong-hieu/yc.html","https://media.hcdn.vn//hsk/brandYC-image-cover-500-x-5001719202426_img_220x220_0dff4c_fit_center.jpg","https://media.hcdn.vn//hsk/brandYC-Logo-Brand1719202725_img_140x70_45e3de_fit_center.jpg","YC","https://hasaki.vn/thuong-hieu/ya-samaya.html","https://media.hcdn.vn//hsk/brandYa-samaya-image-cover-500-x-5001719202189_img_220x220_0dff4c_fit_center.jpg","https://media.hcdn.vn/brand/1647410325Ya-Samaya_img_140x70_45e3de_fit_center.jpg","Ya Samaya","https://hasaki.vn/thuong-hieu/yusachi.html","https://media.hcdn.vn//hsk/brandYusachi-cover1680491683_img_220x220_0dff4c_fit_center.jpg","https://media.hcdn.vn//hsk/brandYusachi-logo1737530541_img_140x70_45e3de_fit_center.jpg","Yusachi","https://hasaki.vn/thuong-hieu/yves-saint-laurent.html","https://media.hcdn.vn//hsk/brandYSL-image-cover-500-x-5001721386345_img_220x220_0dff4c_fit_center.jpg","https://media.hcdn.vn//hsk/brandysl-logo-400x2001720000097_img_140x70_45e3de_fit_center.jpg","Yves Saint Laurent","","","","","","","","","","","","","","","","","","","","","","","","","","","","","","","","","","","","","","","","","","","","","","","","","","","","","","","","","","","",""
"Z","","","","","","","","","","","","","","","","","","","","","","","","","","","","","","","","","","","","","","","","","","","","","","","","","","","","","","","","","","","","","","","","","","","","","","","","","","","",""
"","https://hasaki.vn/thuong-hieu/ziaja.html","https://media.hcdn.vn//hsk/brandZiaja-image-cover-brand-500x5001728377082_img_220x220_0dff4c_fit_center.jpg","https://media.hcdn.vn//hsk/brandziaja-logo-400x2001720837494_img_140x70_45e3de_fit_center.jpg","Ziaja","","","","","","","","","","","","","","","","","","","","","","","","","","","","","","","","","","","","","","","","","","","","","","","","","","","","","","","","","","","","","","","","","","","","","","","",""